{"pageNo":"2","resultCode":"00","totalCount":55,"numOfRows":5,"items":[{"trial_id":"KCT0000702","date_updated":"2013-03-13","date_registration":"2013-03-15","source_name_kr":"보건복지부","study_type_kr":"관찰연구","date_enrolment":"2012-07-16","results_type_date_completed_kr":"예정","type_enrolment_kr":"실제등록","results_date_completed":"2015-07-02","primary_sponsor_kr":"전남대학교병원","scientific_title_kr":"우울증 환자에서 사건관련전위를 이용한 전기정신생리학적 생체지표 개발","scientific_title_en":"Development of the electropsychophysiological biomarkers of depressive disorders based on event-related potentials","primary_outcome_1_kr":"해밀턴 우울증상척도"},{"trial_id":"KCT0000683","date_updated":"2013-02-16","date_registration":"2013-02-19","source_name_kr":"보건복지부","study_type_kr":"관찰연구","date_enrolment":"2012-12-20","results_type_date_completed_kr":"예정","type_enrolment_kr":"실제등록","results_date_completed":"2015-12-31","primary_sponsor_kr":"전남대학교병원","scientific_title_kr":"우울증환자에서 salivary cortisol과 항우울제 치료반응","scientific_title_en":"Salivary cortisol level and antidepressant treatment outcome in patients with depression","primary_outcome_1_kr":"해밀턴 우울증상 평가 척도"},{"trial_id":"KCT0000292","results_date_completed":"2011-08-31","date_updated":"2011-12-15","date_registration":"2011-12-16","source_name_kr":"한국 BMS","primary_sponsor_kr":"한림대학교성심병원","scientific_title_kr":"뇌졸중 후 우울증과 인지기능장애가 기능적 예후에 미치는 영향","study_type_kr":"관찰연구","scientific_title_en":"The impact of poststroke depression and poststroke cognitive impairment on functional outcomes in stroke survivors ","date_enrolment":"2007-10-07","primary_outcome_1_kr":"뇌졸중 후 우울증 발생","type_enrolment_kr":"실제등록"},{"trial_id":"KCT0000076","date_updated":"2011-02-21","date_registration":"2011-01-03","source_name_kr":"한국보건산업진흥원","i_freetext_kr":"의약품","study_type_kr":"중재연구","date_enrolment":"2010-03-02","type_enrolment_kr":"실제등록","results_date_completed":"2013-12-01","primary_sponsor_kr":"전남대학교병원","scientific_title_kr":"암환자 우울증의 항우울 약물치료에서 사이토카인의 역할","scientific_title_en":"Effects of cytokine for antidepressant treatment in Cancer Patients with depression","primary_outcome_1_kr":"몽고메리 아스버그 우울증상 평가 척도","phase_kr":""},{"trial_id":"KCT0000053","date_updated":"2010-11-01","date_registration":"2010-11-03","source_name_kr":"룬드벡, 한국보건산업진흥원","i_freetext_kr":"의약품","study_type_kr":"중재연구","date_enrolment":"2007-05-03","type_enrolment_kr":"실제등록","results_date_completed":"2013-01-01","primary_sponsor_kr":"전남대학교병원","scientific_title_kr":"급성 관동맥증후군이 있는 우울증 환자의 치료에 있어서 escitalopram의 유효성과 안정성: 이중맹검 위약대조","scientific_title_en":"Efficacy and safety of Escitalopram in the treatment of depressive patients with acute coronary artery syndrome: A double-blind placebo-controlled trial","primary_outcome_1_kr":"해밀턴  우울증상 평가 척도","phase_kr":""}],"resultMsg":"NORMAL_SERVICE"}