<?xml version="1.0" encoding="UTF-8"?>

<response>
	<header>
		<resultCode>00</resultCode>
		<resultMsg>NORMAL_SERVICE</resultMsg>
		<numOfRows>50</numOfRows>
		<pageNo>1</pageNo>
		<totalCount>55</totalCount>
	</header>
	<body>
		<items>
			<item>
				<trial_id>KCT0010629</trial_id>
				<scientific_title_kr>경도 이상의 주요우울장애 환자에게 집속형초음파자극시스템(NS-US200)을 활용하여 우울증상의 개선효과에 대한 유효성 및 안전성 평가를 위한 다기관, 무작위배정, 위의료기기 대조,  이중맹검 및 평가자맹검, 확증임상시험</scientific_title_kr>
				<scientific_title_en>Evaluation of Efficacy and Safety of Focused Ultrasound Stimulator System (NS-US200)about Improvements Effect on Major Depressive Disorder: multi-center, randomized controlled, sham-device controlled, double-blinded and assessor-blinded, pivotal study</scientific_title_en>
				<date_registration>2025-06-13</date_registration>
				<date_updated>2025-06-10</date_updated>
				<date_enrolment>2022-05-16</date_enrolment>
				<type_enrolment_kr>실제등록</type_enrolment_kr>
				<results_date_completed>2024-08-27</results_date_completed>
				<results_type_date_completed_kr>실제등록</results_type_date_completed_kr>
				<study_type_kr>중재연구</study_type_kr>
				<i_freetext_kr>의료기구</i_freetext_kr>
				<phase_kr></phase_kr>
				<source_name_kr>주식회사 뉴로소나</source_name_kr>
				<primary_sponsor_kr>연세대학교의과대학 강남세브란스병원</primary_sponsor_kr>
				<primary_outcome_1_kr>몽고메리-아스버그 우울증 척도 총점이 기준선 대비 ≥ 50 % 감소한 피험자 비율</primary_outcome_1_kr>
			</item>
			<item>
				<trial_id>KCT0010609</trial_id>
				<scientific_title_kr>체중을 이용한 견인 트레드밀 훈련이 비특이적 만성요통 환자의 통증, 고유감각, 장애, 우울증, 균형 및 보행에 미치는 영향</scientific_title_kr>
				<scientific_title_en>Effects of Treadmill Training with Traction Using Body Weight on Pain, Proprioception, Disability, Depression, Balance and Gait in Patients with Nonspecific Chronic Low Back Pain</scientific_title_en>
				<date_registration>2025-06-09</date_registration>
				<date_updated>2025-06-04</date_updated>
				<date_enrolment>2024-04-22</date_enrolment>
				<type_enrolment_kr>실제등록</type_enrolment_kr>
				<results_date_completed>2024-08-02</results_date_completed>
				<results_type_date_completed_kr>실제등록</results_type_date_completed_kr>
				<study_type_kr>중재연구</study_type_kr>
				<i_freetext_kr>행동요인</i_freetext_kr>
				<phase_kr>해당사항없음</phase_kr>
				<source_name_kr>가천대학교</source_name_kr>
				<primary_sponsor_kr>가천대학교</primary_sponsor_kr>
				<primary_outcome_1_kr>통증</primary_outcome_1_kr>
			</item>
			<item>
				<trial_id>KCT0010546</trial_id>
				<scientific_title_kr>주요우울장애환자를 대상으로 심리지표와 신체지표를 통합하여 자살위험성이 높은 우울증 아형의 선별진단을 돕는 바이오마커기반 심리평가소프트웨어(마인즈내비TM)의 유효성 및 안전성 평가를 위한 다기관, 건강대조군 비교, 연구자주도 탐색임상시험</scientific_title_kr>
				<scientific_title_en>To evaluate the effectiveness and safety of a biomarker-based psychological assessment software (Minds NaviTM) that integrates psychological and physical indicators for patients with major depressive disorder to help screen and diagnose depression subtypes with a high risk of suicide. Institutional, health control group comparison, Researcher-led exploratory clinical trial</scientific_title_en>
				<date_registration>2025-05-27</date_registration>
				<date_updated>2025-05-27</date_updated>
				<date_enrolment>2022-02-22</date_enrolment>
				<type_enrolment_kr>실제등록</type_enrolment_kr>
				<results_date_completed>2022-12-15</results_date_completed>
				<results_type_date_completed_kr>실제등록</results_type_date_completed_kr>
				<study_type_kr>중재연구</study_type_kr>
				<i_freetext_kr>의료기구</i_freetext_kr>
				<phase_kr></phase_kr>
				<source_name_kr>주식회사 마인즈에이아이</source_name_kr>
				<primary_sponsor_kr>연세대학교의과대학 강남세브란스병원</primary_sponsor_kr>
				<primary_outcome_1_kr>주요우울장애 삽화 (경도삽화/중등도삽화/중증삽화)에 따른 마인즈내비 프로파일의 군간비교</primary_outcome_1_kr>
			</item>
			<item>
				<trial_id>KCT0010094</trial_id>
				<scientific_title_kr>장내 미생물과 우울증상 : 종단적 탐색과 심리개입의 효과</scientific_title_kr>
				<scientific_title_en>Gut Microbiome and Depressive Symptoms: Examining Temporal Relationships and the Effect of Psychological Interventions</scientific_title_en>
				<date_registration>2024-12-27</date_registration>
				<date_updated>2025-05-21</date_updated>
				<date_enrolment>2025-02-03</date_enrolment>
				<type_enrolment_kr>실제등록</type_enrolment_kr>
				<results_date_completed>2027-08-31</results_date_completed>
				<results_type_date_completed_kr>예정</results_type_date_completed_kr>
				<study_type_kr>중재연구</study_type_kr>
				<i_freetext_kr>기타</i_freetext_kr>
				<phase_kr>해당사항없음</phase_kr>
				<source_name_kr>한국연구재단</source_name_kr>
				<primary_sponsor_kr>연세대학교</primary_sponsor_kr>
				<primary_outcome_1_kr>장내미생물 설문지(항생제 복용 여부, 특정 식품 섭취 빈도, 대변의 형태 등 장내 미생물 환경 파악에 필요한 자료 수집을 위해)</primary_outcome_1_kr>
			</item>
			<item>
				<trial_id>KCT0010055</trial_id>
				<scientific_title_kr>경두개 음향진동 자극에 의한 기억, 인지, 스트레스 및 우울증에 미치는 효과 평가</scientific_title_kr>
				<scientific_title_en>Effects of Transcranial Vibroacoustic Stimulation (TVAS) on Memory, Cognition, Stress and Depression in Senior</scientific_title_en>
				<date_registration>2024-12-17</date_registration>
				<date_updated>2024-12-19</date_updated>
				<date_enrolment>2024-02-13</date_enrolment>
				<type_enrolment_kr>실제등록</type_enrolment_kr>
				<results_date_completed>2024-04-22</results_date_completed>
				<results_type_date_completed_kr>실제등록</results_type_date_completed_kr>
				<study_type_kr>중재연구</study_type_kr>
				<i_freetext_kr>기타</i_freetext_kr>
				<phase_kr>해당사항없음</phase_kr>
				<source_name_kr>(주)아리바이오</source_name_kr>
				<primary_sponsor_kr>재단법인 아시안치매재단</primary_sponsor_kr>
				<primary_outcome_1_kr>인지기능검사</primary_outcome_1_kr>
			</item>
			<item>
				<trial_id>KCT0009984</trial_id>
				<scientific_title_kr>중년 여성의 우울증상 감소를 위한 행동활성화 기반 신체활동 증진 프로그램의 효과</scientific_title_kr>
				<scientific_title_en>Effectiveness of a Behavioral Activation-Based Physical Activity Program for Reducing Depression Symptoms in Middle-Aged Women</scientific_title_en>
				<date_registration>2024-12-03</date_registration>
				<date_updated>2024-11-15</date_updated>
				<date_enrolment>2024-12-02</date_enrolment>
				<type_enrolment_kr>예정</type_enrolment_kr>
				<results_date_completed>2025-05-12</results_date_completed>
				<results_type_date_completed_kr>예정</results_type_date_completed_kr>
				<study_type_kr>중재연구</study_type_kr>
				<i_freetext_kr>행동요인</i_freetext_kr>
				<phase_kr>해당사항없음</phase_kr>
				<source_name_kr>서울시간호사회 </source_name_kr>
				<primary_sponsor_kr>서울대학교</primary_sponsor_kr>
				<primary_outcome_1_kr>우울증상</primary_outcome_1_kr>
			</item>
			<item>
				<trial_id>KCT0009868</trial_id>
				<scientific_title_kr>우울장애 환자의 우울 증상을 개선하기 위해서 사용되는 치유 포레스트(CHEEU. Forest N) 디지털치료기기의 안전성 및 유효성을 평가하기 위한 다기관, 전향적, 무작위 확증 임상시험</scientific_title_kr>
				<scientific_title_en>A Multicenter, Prospective, Randomized, Confirmatory Clinical Trial to Evaluate the Safety and Efficacy of the CHEEU Forest (CHEEU. Forest N) Digital Therapeutic Device to Improve Depressive Symptoms in Patients with Depressive Disorders</scientific_title_en>
				<date_registration>2024-10-23</date_registration>
				<date_updated>2024-09-19</date_updated>
				<date_enrolment>2024-05-24</date_enrolment>
				<type_enrolment_kr>실제등록</type_enrolment_kr>
				<results_date_completed>2025-06-17</results_date_completed>
				<results_type_date_completed_kr>예정</results_type_date_completed_kr>
				<study_type_kr>중재연구</study_type_kr>
				<i_freetext_kr>의료기구</i_freetext_kr>
				<phase_kr></phase_kr>
				<source_name_kr>주식회사 마인즈에이아이</source_name_kr>
				<primary_sponsor_kr>연세대학교 의과대학 용인세브란스병원</primary_sponsor_kr>
				<primary_outcome_1_kr>K-QIDS-C (우울증상평가척도-임상가평가) 점수 변화량</primary_outcome_1_kr>
			</item>
			<item>
				<trial_id>KCT0009793</trial_id>
				<scientific_title_kr>만성 요통을 가진 중년 여성의 피로, 수면 장애 및 우울 증상클러스터 관리를 위한 걷기 운동의 효과</scientific_title_kr>
				<scientific_title_en>The Effects of a Walking Intervention to Manage the Symptom Clusters of Fatigue, Sleep Disturbance, and Depression in Middle-Aged Women with Chronic Back Pain</scientific_title_en>
				<date_registration>2024-09-20</date_registration>
				<date_updated>2024-09-11</date_updated>
				<date_enrolment>2024-10-07</date_enrolment>
				<type_enrolment_kr>예정</type_enrolment_kr>
				<results_date_completed>2025-06-30</results_date_completed>
				<results_type_date_completed_kr>예정</results_type_date_completed_kr>
				<study_type_kr>중재연구</study_type_kr>
				<i_freetext_kr>행동요인</i_freetext_kr>
				<phase_kr>해당사항없음</phase_kr>
				<source_name_kr>부산대학교</source_name_kr>
				<primary_sponsor_kr>부산대학교</primary_sponsor_kr>
				<primary_outcome_1_kr>건강관련 삶의 질</primary_outcome_1_kr>
			</item>
			<item>
				<trial_id>KCT0009758</trial_id>
				<scientific_title_kr>대학생 우울 증상 완화를 위한 인지행동치료 모바일 어플리케이션 ‘마인드 부스터 그린’의 효과성 검증</scientific_title_kr>
				<scientific_title_en>Effects of 'Mind Booster Green', an App-based CBT program for university students with depressive symptoms: Randomized controlled trial</scientific_title_en>
				<date_registration>2024-09-06</date_registration>
				<date_updated>2024-08-30</date_updated>
				<date_enrolment>2021-06-03</date_enrolment>
				<type_enrolment_kr>실제등록</type_enrolment_kr>
				<results_date_completed>2022-01-27</results_date_completed>
				<results_type_date_completed_kr>실제등록</results_type_date_completed_kr>
				<study_type_kr>중재연구</study_type_kr>
				<i_freetext_kr>기타</i_freetext_kr>
				<phase_kr>해당사항없음</phase_kr>
				<source_name_kr>연세대학교</source_name_kr>
				<primary_sponsor_kr>연세대학교</primary_sponsor_kr>
				<primary_outcome_1_kr>한글판 우울증 선별 도구(PHQ-9)</primary_outcome_1_kr>
			</item>
			<item>
				<trial_id>KCT0009757</trial_id>
				<scientific_title_kr>직장인 우울 증상 완화를 위한 인지행동치료 모바일 어플리케이션 ‘마인드 부스터 블루 우울 모듈’의 효과성 검증</scientific_title_kr>
				<scientific_title_en>Effects of 'MindBooster Blue Depression module', an App-based CBT program for office worker with depressive symptoms: Randomized controlled trial</scientific_title_en>
				<date_registration>2024-09-06</date_registration>
				<date_updated>2024-08-19</date_updated>
				<date_enrolment>2023-03-02</date_enrolment>
				<type_enrolment_kr>실제등록</type_enrolment_kr>
				<results_date_completed>2024-10-11</results_date_completed>
				<results_type_date_completed_kr>예정</results_type_date_completed_kr>
				<study_type_kr>중재연구</study_type_kr>
				<i_freetext_kr>기타</i_freetext_kr>
				<phase_kr>해당사항없음</phase_kr>
				<source_name_kr>연세대학교</source_name_kr>
				<primary_sponsor_kr>연세대학교</primary_sponsor_kr>
				<primary_outcome_1_kr>한글판 우울증 선별 도구(PHQ-9)</primary_outcome_1_kr>
			</item>
			<item>
				<trial_id>KCT0009752</trial_id>
				<scientific_title_kr>대학생 우울 증상 완화를 위한 인지행동치료 모바일 어플리케이션 ‘마인드부스터 그린’의 효과성 검증 - 유학생 및 중국 대학생 대상으로</scientific_title_kr>
				<scientific_title_en>Effects of ‘Mind booster Green’, an App-based CBT program for college students with depressive symptoms : Randomized controlled trial - For international students and Chinese university students</scientific_title_en>
				<date_registration>2024-09-02</date_registration>
				<date_updated>2024-07-22</date_updated>
				<date_enrolment>2023-03-15</date_enrolment>
				<type_enrolment_kr>실제등록</type_enrolment_kr>
				<results_date_completed>2024-12-12</results_date_completed>
				<results_type_date_completed_kr>예정</results_type_date_completed_kr>
				<study_type_kr>중재연구</study_type_kr>
				<i_freetext_kr>기타</i_freetext_kr>
				<phase_kr>해당사항없음</phase_kr>
				<source_name_kr>연세대학교</source_name_kr>
				<primary_sponsor_kr>연세대학교</primary_sponsor_kr>
				<primary_outcome_1_kr>우울(우울증 건강설문; PHQ-9, Beck 우울척도 2판 중국판; BDI-II; 역학연구 우울척도 개정판; CESD-R)</primary_outcome_1_kr>
			</item>
			<item>
				<trial_id>KCT0009727</trial_id>
				<scientific_title_kr>경두개 직류 전기 자극과 필라테스 운동이 뇌졸중 환자의 코어 안정성, 균형 및 우울증에 미치는 영향</scientific_title_kr>
				<scientific_title_en>PILATES EXERCISE AND TRANSCRANIAL DIRECT CURRENT STIMULATION FOR CORE STABILITY, BALANCE AND DEPRESSION IN PATIENTS WITH STROKE
</scientific_title_en>				<date_registration>2024-08-23</date_registration>
				<date_updated>2024-08-23</date_updated>
				<date_enrolment>2023-02-08</date_enrolment>
				<type_enrolment_kr>실제등록</type_enrolment_kr>
				<results_date_completed>2023-06-09</results_date_completed>
				<results_type_date_completed_kr>실제등록</results_type_date_completed_kr>
				<study_type_kr>중재연구</study_type_kr>
				<i_freetext_kr>행동요인</i_freetext_kr>
				<phase_kr>해당사항없음</phase_kr>
				<source_name_kr>삼육대학교</source_name_kr>
				<primary_sponsor_kr>삼육대학교</primary_sponsor_kr>
				<primary_outcome_1_kr>코어 안정성</primary_outcome_1_kr>
			</item>
			<item>
				<trial_id>KCT0009595</trial_id>
				<scientific_title_kr>우울증 환자의 강박증상에 대한 Aripiprazole 부가요법 : 무작위 대조군 연구
</scientific_title_kr>				<scientific_title_en>Aripiprazole augmentation for obsessive-compulsive symptoms of major depressive disorder: a randomized controlled trial</scientific_title_en>
				<date_registration>2024-07-05</date_registration>
				<date_updated>2024-06-04</date_updated>
				<date_enrolment>2024-06-10</date_enrolment>
				<type_enrolment_kr>예정</type_enrolment_kr>
				<results_date_completed></results_date_completed>
				<results_type_date_completed_kr></results_type_date_completed_kr>
				<study_type_kr>중재연구</study_type_kr>
				<i_freetext_kr>의약품</i_freetext_kr>
				<phase_kr>해당사항없음</phase_kr>
				<source_name_kr>한국오츠카제약 (주)</source_name_kr>
				<primary_sponsor_kr>중앙대학교병원</primary_sponsor_kr>
				<primary_outcome_1_kr>예일브라운 강박척도 총점</primary_outcome_1_kr>
			</item>
			<item>
				<trial_id>KCT0009358</trial_id>
				<scientific_title_kr>클라이언트 중심의 작업치료 중재가 노인 우울증 환자들의 정신건강, 일상생활 활동과 지역사회 참여에 미치는 영향</scientific_title_kr>
				<scientific_title_en>Effect of Client-Centered Occupational Therapy intervention on Mental Health, Activities of Daily Living, and Community Participation in Elderly Depressed Patients</scientific_title_en>
				<date_registration>2024-04-22</date_registration>
				<date_updated>2024-04-19</date_updated>
				<date_enrolment>2023-09-01</date_enrolment>
				<type_enrolment_kr>실제등록</type_enrolment_kr>
				<results_date_completed>2023-10-31</results_date_completed>
				<results_type_date_completed_kr>실제등록</results_type_date_completed_kr>
				<study_type_kr>중재연구</study_type_kr>
				<i_freetext_kr>행동요인</i_freetext_kr>
				<phase_kr>해당사항없음</phase_kr>
				<source_name_kr>청주대학교</source_name_kr>
				<primary_sponsor_kr>청주대학교</primary_sponsor_kr>
				<primary_outcome_1_kr>우울, 불안, 스트레스, 일상생활활동, 사회참여</primary_outcome_1_kr>
			</item>
			<item>
				<trial_id>KCT0009204</trial_id>
				<scientific_title_kr>우울증에서 수용 및 심리적 유연성의 뇌신경학적 기전 규명 및 치료반응 예측</scientific_title_kr>
				<scientific_title_en>Identifying neural mechanisms of acceptance and psychological flexibility in depression and predicting treatment response</scientific_title_en>
				<date_registration>2024-02-26</date_registration>
				<date_updated>2024-01-09</date_updated>
				<date_enrolment>2022-12-19</date_enrolment>
				<type_enrolment_kr>실제등록</type_enrolment_kr>
				<results_date_completed>2025-02-28</results_date_completed>
				<results_type_date_completed_kr>예정</results_type_date_completed_kr>
				<study_type_kr>관찰연구</study_type_kr>
				<i_freetext_kr></i_freetext_kr>
				<phase_kr></phase_kr>
				<source_name_kr>과학기술정보통신부</source_name_kr>
				<primary_sponsor_kr>가천대 길병원</primary_sponsor_kr>
				<primary_outcome_1_kr>뇌기능적 연결성</primary_outcome_1_kr>
			</item>
			<item>
				<trial_id>KCT0009142</trial_id>
				<scientific_title_kr>우울증 개선을 위한 가상현실(virtual reality)기반 명상 프로그램 개발 및 임상시험을 통한  유효성 평가</scientific_title_kr>
				<scientific_title_en>Development of a virtual reality-based meditation program for depression improvement and evaluation of effectiveness through clinical trials.</scientific_title_en>
				<date_registration>2024-01-30</date_registration>
				<date_updated>2024-01-09</date_updated>
				<date_enrolment>2023-05-18</date_enrolment>
				<type_enrolment_kr>실제등록</type_enrolment_kr>
				<results_date_completed>2023-07-16</results_date_completed>
				<results_type_date_completed_kr>실제등록</results_type_date_completed_kr>
				<study_type_kr>중재연구</study_type_kr>
				<i_freetext_kr>기타</i_freetext_kr>
				<phase_kr>해당사항없음</phase_kr>
				<source_name_kr>한국연구재단</source_name_kr>
				<primary_sponsor_kr>중원대학교</primary_sponsor_kr>
				<primary_outcome_1_kr>우울증 개선을 위한 가상현실(virtual reality)기반 명상 프로그램 개발 및 임상시험을 통한  유효성 평가</primary_outcome_1_kr>
			</item>
			<item>
				<trial_id>KCT0008840</trial_id>
				<scientific_title_kr>청소년 우울증에 대한 인공지능 챗봇의 효용성 평가 (예비 연구) </scientific_title_kr>
				<scientific_title_en>Evaluation of the effectiveness of artificial intelligence chatbot for adolescent depression (preliminary study)</scientific_title_en>
				<date_registration>2023-10-06</date_registration>
				<date_updated>2023-09-15</date_updated>
				<date_enrolment>2023-09-21</date_enrolment>
				<type_enrolment_kr>예정</type_enrolment_kr>
				<results_date_completed>2024-05-31</results_date_completed>
				<results_type_date_completed_kr>예정</results_type_date_completed_kr>
				<study_type_kr>중재연구</study_type_kr>
				<i_freetext_kr>기타</i_freetext_kr>
				<phase_kr>해당사항없음</phase_kr>
				<source_name_kr>국민건강보험공단일산병원</source_name_kr>
				<primary_sponsor_kr>국민건강보험공단일산병원</primary_sponsor_kr>
				<primary_outcome_1_kr>1) 챗봇 적용 전후 HADS 점수 차이 / 2) 챗봇 적용 전후 뇌파 검사 (Electroencephalography, EEG) 뇌의 부위별 활성도 변화량 </primary_outcome_1_kr>
			</item>
			<item>
				<trial_id>KCT0008757</trial_id>
				<scientific_title_kr>자율 감각 쾌락 반응(ASMR) 비디오와 호흡 훈련이 경증 우울증 환자의 이완과 기분에 미치는 영향</scientific_title_kr>
				<scientific_title_en>The effect of Autonomous sensory meridian response video and breathing training on relaxation and mood in patients with mild depression.</scientific_title_en>
				<date_registration>2023-09-01</date_registration>
				<date_updated>2023-08-19</date_updated>
				<date_enrolment>2023-05-02</date_enrolment>
				<type_enrolment_kr>실제등록</type_enrolment_kr>
				<results_date_completed>2023-07-09</results_date_completed>
				<results_type_date_completed_kr>실제등록</results_type_date_completed_kr>
				<study_type_kr>중재연구</study_type_kr>
				<i_freetext_kr>행동요인</i_freetext_kr>
				<phase_kr></phase_kr>
				<source_name_kr>순천향대학교</source_name_kr>
				<primary_sponsor_kr>순천향대학교</primary_sponsor_kr>
				<primary_outcome_1_kr>우울증 선별도구</primary_outcome_1_kr>
			</item>
			<item>
				<trial_id>KCT0008168</trial_id>
				<scientific_title_kr>뇌영상 및 신경전달물질 분석을 이용한 우울증 환자의 뇌신경 연결기전 연구</scientific_title_kr>
				<scientific_title_en>A study on the brain connectivity in depression using brain imaging and neurotransmitter analysis</scientific_title_en>
				<date_registration>2023-02-10</date_registration>
				<date_updated>2023-01-25</date_updated>
				<date_enrolment>2023-02-01</date_enrolment>
				<type_enrolment_kr>예정</type_enrolment_kr>
				<results_date_completed></results_date_completed>
				<results_type_date_completed_kr></results_type_date_completed_kr>
				<study_type_kr>관찰연구</study_type_kr>
				<i_freetext_kr></i_freetext_kr>
				<phase_kr></phase_kr>
				<source_name_kr>한국생명공학연구원</source_name_kr>
				<primary_sponsor_kr>가톨릭대학교</primary_sponsor_kr>
				<primary_outcome_1_kr>뇌신경 연결망 척도</primary_outcome_1_kr>
			</item>
			<item>
				<trial_id>KCT0007319</trial_id>
				<scientific_title_kr>우울증 동반 인지기능장애에서의 인지기능장애와 우울증의 공통 및 차별기전에 대한 다차원적 분석 기반 새로운 통합형 임상아형 검증과 치료모델 개발</scientific_title_kr>
				<scientific_title_en>Development of treatment model and verification of a new integrated clinical subtype based on multi-dementional analysis on the common and differential mechanisms of cognitive dysfunction and depression in cognitive dysfunction with depression.</scientific_title_en>
				<date_registration>2022-05-20</date_registration>
				<date_updated>2022-05-02</date_updated>
				<date_enrolment>2022-06-01</date_enrolment>
				<type_enrolment_kr>예정</type_enrolment_kr>
				<results_date_completed>2025-12-31</results_date_completed>
				<results_type_date_completed_kr>예정</results_type_date_completed_kr>
				<study_type_kr>관찰연구</study_type_kr>
				<i_freetext_kr></i_freetext_kr>
				<phase_kr></phase_kr>
				<source_name_kr>교육부</source_name_kr>
				<primary_sponsor_kr>한림대학교부속 춘천성심병원</primary_sponsor_kr>
				<primary_outcome_1_kr>혈액 생체지표</primary_outcome_1_kr>
			</item>
			<item>
				<trial_id>KCT0006594</trial_id>
				<scientific_title_kr>인지 저하를 호소하는 노인 우울증 환자에서의 경두개 직류자극술(tDCS)의 효과</scientific_title_kr>
				<scientific_title_en>The effect of tDCS on elderly with depression and cognitive impairment</scientific_title_en>
				<date_registration>2021-09-17</date_registration>
				<date_updated>2023-01-12</date_updated>
				<date_enrolment>2021-11-03</date_enrolment>
				<type_enrolment_kr>실제등록</type_enrolment_kr>
				<results_date_completed>2022-08-12</results_date_completed>
				<results_type_date_completed_kr>실제등록</results_type_date_completed_kr>
				<study_type_kr>중재연구</study_type_kr>
				<i_freetext_kr>의료기구</i_freetext_kr>
				<phase_kr></phase_kr>
				<source_name_kr>학교법인연세대학교의과대학세브란스병원</source_name_kr>
				<primary_sponsor_kr>연세대학교</primary_sponsor_kr>
				<primary_outcome_1_kr>신경인지검사 항목의 점수 변화</primary_outcome_1_kr>
			</item>
			<item>
				<trial_id>KCT0006436</trial_id>
				<scientific_title_kr>노인의 우울증상에 대한 멀티모달</scientific_title_kr>
				<scientific_title_en>Multimodal intervention of geriatric depression</scientific_title_en>
				<date_registration>2021-08-11</date_registration>
				<date_updated>2021-07-29</date_updated>
				<date_enrolment>2021-08-19</date_enrolment>
				<type_enrolment_kr>예정</type_enrolment_kr>
				<results_date_completed>2021-11-24</results_date_completed>
				<results_type_date_completed_kr>예정</results_type_date_completed_kr>
				<study_type_kr>중재연구</study_type_kr>
				<i_freetext_kr>기타</i_freetext_kr>
				<phase_kr>해당사항없음</phase_kr>
				<source_name_kr>중소기업기술정보진흥원 </source_name_kr>
				<primary_sponsor_kr>연세대학교</primary_sponsor_kr>
				<primary_outcome_1_kr>우울 증상 (노인 우울 척도 단축형, 한국판 Hamilton 우울증 평가 척도)</primary_outcome_1_kr>
			</item>
			<item>
				<trial_id>KCT0006214</trial_id>
				<scientific_title_kr>경두개 직류전류자극과 결합된 반복적 경두개 자기자극이 스트레스로 인한 가벼운 긴장 및 우울 증상 완화에 미치는 효과</scientific_title_kr>
				<scientific_title_en>Effects of Transcranial Direct Current Stimulation in Combination with Transcranial Magnetic Stimulation on Stress and Mild Depressive Symptoms</scientific_title_en>
				<date_registration>2021-06-02</date_registration>
				<date_updated>2021-05-18</date_updated>
				<date_enrolment>2021-06-21</date_enrolment>
				<type_enrolment_kr>예정</type_enrolment_kr>
				<results_date_completed>2023-12-16</results_date_completed>
				<results_type_date_completed_kr>예정</results_type_date_completed_kr>
				<study_type_kr>중재연구</study_type_kr>
				<i_freetext_kr>기타</i_freetext_kr>
				<phase_kr>해당사항없음</phase_kr>
				<source_name_kr>이화여자대학교</source_name_kr>
				<primary_sponsor_kr>이화여자대학교</primary_sponsor_kr>
				<primary_outcome_1_kr>벡 우울 척도로 평가한 우울증상의 변화</primary_outcome_1_kr>
			</item>
			<item>
				<trial_id>KCT0006137</trial_id>
				<scientific_title_kr>식품섭취, 장내균총, 우울증과의 관련성 연구 </scientific_title_kr>
				<scientific_title_en>Association study on food intake, microbiome, and depression </scientific_title_en>
				<date_registration>2021-05-13</date_registration>
				<date_updated>2021-04-29</date_updated>
				<date_enrolment>2019-06-28</date_enrolment>
				<type_enrolment_kr>실제등록</type_enrolment_kr>
				<results_date_completed>2019-12-16</results_date_completed>
				<results_type_date_completed_kr>실제등록</results_type_date_completed_kr>
				<study_type_kr>중재연구</study_type_kr>
				<i_freetext_kr>식이보충제</i_freetext_kr>
				<phase_kr>해당사항없음</phase_kr>
				<source_name_kr>한국연구재단</source_name_kr>
				<primary_sponsor_kr>가천대학교</primary_sponsor_kr>
				<primary_outcome_1_kr>장내균총 변화</primary_outcome_1_kr>
			</item>
			<item>
				<trial_id>KCT0005854</trial_id>
				<scientific_title_kr>우울증 환자에서 경두개직류자극기기 및 정량화뇌파기기의 안전성 및 유효성 확립을 위한  시판 중 임상시험 연구</scientific_title_kr>
				<scientific_title_en>A Clinical Trial Study on the Market to Establish the Safety and Efficacy of a Transcranial DC Stimulation Device in Patients With Depression.</scientific_title_en>
				<date_registration>2021-02-03</date_registration>
				<date_updated>2021-01-25</date_updated>
				<date_enrolment>2021-01-29</date_enrolment>
				<type_enrolment_kr>예정</type_enrolment_kr>
				<results_date_completed>2023-06-30</results_date_completed>
				<results_type_date_completed_kr>예정</results_type_date_completed_kr>
				<study_type_kr>중재연구</study_type_kr>
				<i_freetext_kr>의료기구</i_freetext_kr>
				<phase_kr></phase_kr>
				<source_name_kr>범부처전주기의료기기연구개발사업단</source_name_kr>
				<primary_sponsor_kr>삼성서울병원</primary_sponsor_kr>
				<primary_outcome_1_kr>작업기억능력평가</primary_outcome_1_kr>
			</item>
			<item>
				<trial_id>KCT0005741</trial_id>
				<scientific_title_kr>복합 해양 치유 프로그램이 폐경기 후 여성의 삶의 질, 스트레스, 우울증, 전반적인 건강에 미치는 영향</scientific_title_kr>
				<scientific_title_en>Effects of Combined Marine Treatment Program on Quality of Life, Stress, Depression, and General Health in Women after the Menopause</scientific_title_en>
				<date_registration>2021-01-07</date_registration>
				<date_updated>2020-12-21</date_updated>
				<date_enrolment>2020-11-02</date_enrolment>
				<type_enrolment_kr>실제등록</type_enrolment_kr>
				<results_date_completed></results_date_completed>
				<results_type_date_completed_kr></results_type_date_completed_kr>
				<study_type_kr>중재연구</study_type_kr>
				<i_freetext_kr>기타</i_freetext_kr>
				<phase_kr>해당사항없음</phase_kr>
				<source_name_kr>가천대학교</source_name_kr>
				<primary_sponsor_kr>가천대학교</primary_sponsor_kr>
				<primary_outcome_1_kr>삶의 질</primary_outcome_1_kr>
			</item>
			<item>
				<trial_id>KCT0005698</trial_id>
				<scientific_title_kr>분만 후 발생한 빈혈에서 카르복시말토오스수산화제이철착염의 보충이 산욕기 우울증 개선에 미치는 영향에 관한 연구</scientific_title_kr>
				<scientific_title_en>Can the supplementation of ferric carboxymaltose improve Postpartum depression after delivery?</scientific_title_en>
				<date_registration>2020-12-24</date_registration>
				<date_updated>2025-07-17</date_updated>
				<date_enrolment>2021-02-01</date_enrolment>
				<type_enrolment_kr>실제등록</type_enrolment_kr>
				<results_date_completed>2023-12-31</results_date_completed>
				<results_type_date_completed_kr>실제등록</results_type_date_completed_kr>
				<study_type_kr>중재연구</study_type_kr>
				<i_freetext_kr>의약품</i_freetext_kr>
				<phase_kr>해당사항없음</phase_kr>
				<source_name_kr>제이더블유중외제약주식회사</source_name_kr>
				<primary_sponsor_kr>순천향대학교 부속 서울병원</primary_sponsor_kr>
				<primary_outcome_1_kr>분만 후 8주째 EPDS 점수, 등록시점부터 분만 후 8주 사이의 EPDS 점수 변화</primary_outcome_1_kr>
			</item>
			<item>
				<trial_id>KCT0005492</trial_id>
				<scientific_title_kr>비만한 우울증 환자에서 체중 조절을 위한 경두개자기자극의 유효성 및 안전성에 대한 전향적 연구</scientific_title_kr>
				<scientific_title_en>The effects of transcranial magnetic stimulation on eating behaviors and body weight in obese patient with depression: A Randomized Controlled Study</scientific_title_en>
				<date_registration>2020-10-15</date_registration>
				<date_updated>2020-11-03</date_updated>
				<date_enrolment>2020-01-19</date_enrolment>
				<type_enrolment_kr>실제등록</type_enrolment_kr>
				<results_date_completed>2020-12-25</results_date_completed>
				<results_type_date_completed_kr>예정</results_type_date_completed_kr>
				<study_type_kr>중재연구</study_type_kr>
				<i_freetext_kr>의료기구</i_freetext_kr>
				<phase_kr></phase_kr>
				<source_name_kr>과학기술정보통신부</source_name_kr>
				<primary_sponsor_kr>가톨릭대학교</primary_sponsor_kr>
				<primary_outcome_1_kr>체중의 변화</primary_outcome_1_kr>
			</item>
			<item>
				<trial_id>KCT0005453</trial_id>
				<scientific_title_kr>성인 신경교종 환자에서 조기 우울증 스크리닝 및 선택적 세로토닌 재흡수 억제제 치료의 효율성</scientific_title_kr>
				<scientific_title_en>The Efficacy of Early Screening and Treatment of Depression with Selective Serotonin Reuptake Inhibitor (SSRI) in Adult Glioma Patient</scientific_title_en>
				<date_registration>2020-10-08</date_registration>
				<date_updated>2024-08-02</date_updated>
				<date_enrolment></date_enrolment>
				<type_enrolment_kr></type_enrolment_kr>
				<results_date_completed>2022-08-15</results_date_completed>
				<results_type_date_completed_kr>실제등록</results_type_date_completed_kr>
				<study_type_kr>중재연구</study_type_kr>
				<i_freetext_kr>의약품</i_freetext_kr>
				<phase_kr></phase_kr>
				<source_name_kr>재단법인아산사회복지재단 서울아산병원</source_name_kr>
				<primary_sponsor_kr>울산대학교</primary_sponsor_kr>
				<primary_outcome_1_kr>우울증 정도</primary_outcome_1_kr>
			</item>
			<item>
				<trial_id>KCT0005112</trial_id>
				<scientific_title_kr>유방암 생존자의 신체적 상태, 호흡기적 요인, 우울증, 삶의 질에 대한 복합적인 견관절운동과 호흡 훈련 프로그램의 영향</scientific_title_kr>
				<scientific_title_en>Effects of a combined scapulothoracic exercise and inspiratory muscle training program on physical state, respiratory factors, depression, and quality of life in breast cancer survivors</scientific_title_en>
				<date_registration>2020-06-11</date_registration>
				<date_updated>2020-06-04</date_updated>
				<date_enrolment>2016-05-02</date_enrolment>
				<type_enrolment_kr>실제등록</type_enrolment_kr>
				<results_date_completed></results_date_completed>
				<results_type_date_completed_kr></results_type_date_completed_kr>
				<study_type_kr>중재연구</study_type_kr>
				<i_freetext_kr>기타</i_freetext_kr>
				<phase_kr>해당사항없음</phase_kr>
				<source_name_kr>삼육대학교</source_name_kr>
				<primary_sponsor_kr>삼육대학교</primary_sponsor_kr>
				<primary_outcome_1_kr>신체적 기능 검사</primary_outcome_1_kr>
			</item>
			<item>
				<trial_id>KCT0005073</trial_id>
				<scientific_title_kr>독거노인 우울증상 완화를 위한 개인별 맞춤 중재 개발: 생태순간평가 기반 프로그램 효과성 검증</scientific_title_kr>
				<scientific_title_en>Evaluation of ecological momentary intervention and ecological momentary assessment for depression in older adults living alone</scientific_title_en>
				<date_registration>2020-06-01</date_registration>
				<date_updated>2021-10-19</date_updated>
				<date_enrolment>2018-10-29</date_enrolment>
				<type_enrolment_kr>실제등록</type_enrolment_kr>
				<results_date_completed>2019-10-21</results_date_completed>
				<results_type_date_completed_kr>실제등록</results_type_date_completed_kr>
				<study_type_kr>중재연구</study_type_kr>
				<i_freetext_kr>행동요인</i_freetext_kr>
				<phase_kr>해당사항없음</phase_kr>
				<source_name_kr>한국연구재단</source_name_kr>
				<primary_sponsor_kr>연세대학교</primary_sponsor_kr>
				<primary_outcome_1_kr>한국판 노인 우울 척도 단축형</primary_outcome_1_kr>
			</item>
			<item>
				<trial_id>KCT0004973</trial_id>
				<scientific_title_kr>소화불량증을 가진 우울증 및 불안장애 환자에서 모티리톤정의 소화기증상 개선 효과: 이중맹검, 무작위배정, 위약대조 임상연구</scientific_title_kr>
				<scientific_title_en>Effects of motilitone on the improvement of dyspeptic symptoms in patients with depression and anxiety disorder comorbid with dyspepsia: double-blind, randomized, placebo controlled trial</scientific_title_en>
				<date_registration>2020-04-28</date_registration>
				<date_updated>2020-04-13</date_updated>
				<date_enrolment>2020-05-04</date_enrolment>
				<type_enrolment_kr>예정</type_enrolment_kr>
				<results_date_completed></results_date_completed>
				<results_type_date_completed_kr></results_type_date_completed_kr>
				<study_type_kr>관찰연구</study_type_kr>
				<i_freetext_kr></i_freetext_kr>
				<phase_kr></phase_kr>
				<source_name_kr>동아에스티(주)</source_name_kr>
				<primary_sponsor_kr>원광대학교병원</primary_sponsor_kr>
				<primary_outcome_1_kr>소화불량 심각도 지수</primary_outcome_1_kr>
			</item>
			<item>
				<trial_id>KCT0004865</trial_id>
				<scientific_title_kr>식품섭취, 장내균총, 우울증과의 관련성 연구</scientific_title_kr>
				<scientific_title_en>Association study on food intake, microbiome, and depression</scientific_title_en>
				<date_registration>2020-03-27</date_registration>
				<date_updated>2020-03-26</date_updated>
				<date_enrolment>2018-04-21</date_enrolment>
				<type_enrolment_kr>실제등록</type_enrolment_kr>
				<results_date_completed>2018-08-31</results_date_completed>
				<results_type_date_completed_kr>실제등록</results_type_date_completed_kr>
				<study_type_kr>중재연구</study_type_kr>
				<i_freetext_kr>식이보충제</i_freetext_kr>
				<phase_kr>해당사항없음</phase_kr>
				<source_name_kr>한국연구재단</source_name_kr>
				<primary_sponsor_kr>가천대학교</primary_sponsor_kr>
				<primary_outcome_1_kr>장내균총 변화</primary_outcome_1_kr>
			</item>
			<item>
				<trial_id>KCT0004607</trial_id>
				<scientific_title_kr>우울증 환자의 신체증상에 대한 Aripiprazole 부가요법 : 무작위 대조군 연구</scientific_title_kr>
				<scientific_title_en>Aripiprazole augmentation for somatic symptoms of major depressive disorder: a randomized controlled trial</scientific_title_en>
				<date_registration>2020-01-07</date_registration>
				<date_updated>2019-12-30</date_updated>
				<date_enrolment>2019-11-18</date_enrolment>
				<type_enrolment_kr>실제등록</type_enrolment_kr>
				<results_date_completed>2020-07-31</results_date_completed>
				<results_type_date_completed_kr>예정</results_type_date_completed_kr>
				<study_type_kr>중재연구</study_type_kr>
				<i_freetext_kr>의약품</i_freetext_kr>
				<phase_kr>해당사항없음</phase_kr>
				<source_name_kr>한국오츠카제약 (주)</source_name_kr>
				<primary_sponsor_kr>중앙대학교병원</primary_sponsor_kr>
				<primary_outcome_1_kr>간이정신진단검사의 신체증상 세부척도 (SCL-90-R-SOM)</primary_outcome_1_kr>
			</item>
			<item>
				<trial_id>KCT0004603</trial_id>
				<scientific_title_kr>양극성장애 우울증에서의 경두개직류전기자극 강화요법의 유효성을 탐색하기 위한 무작위 배정 연구자 임상</scientific_title_kr>
				<scientific_title_en>Augmentative transcranial direct current stimulation (tDCS) in patients with bipolar depression: RCT, IIT study.</scientific_title_en>
				<date_registration>2020-01-06</date_registration>
				<date_updated>2019-12-26</date_updated>
				<date_enrolment>2019-07-16</date_enrolment>
				<type_enrolment_kr>실제등록</type_enrolment_kr>
				<results_date_completed>2020-10-30</results_date_completed>
				<results_type_date_completed_kr>예정</results_type_date_completed_kr>
				<study_type_kr>중재연구</study_type_kr>
				<i_freetext_kr>의료기구</i_freetext_kr>
				<phase_kr>해당사항없음</phase_kr>
				<source_name_kr>보건복지부</source_name_kr>
				<primary_sponsor_kr>분당서울대학교병원</primary_sponsor_kr>
				<primary_outcome_1_kr>HAMD 점수의 변화, HAMD 점수 50&amp;#37; 이상 감소율로 정의한 치료반응률, HAMD 점수 7점 이하로 정의한 관해율</primary_outcome_1_kr>
			</item>
			<item>
				<trial_id>KCT0004374</trial_id>
				<scientific_title_kr>사상체질기반 맞춤형 우울증 예방ㆍ관리 방법 개발</scientific_title_kr>
				<scientific_title_en>Development of Customized Prevention and Management Plan for Depression Based on Sasang Constitution</scientific_title_en>
				<date_registration>2019-10-23</date_registration>
				<date_updated>2019-10-18</date_updated>
				<date_enrolment>2019-08-19</date_enrolment>
				<type_enrolment_kr>실제등록</type_enrolment_kr>
				<results_date_completed>2022-05-31</results_date_completed>
				<results_type_date_completed_kr>예정</results_type_date_completed_kr>
				<study_type_kr>관찰연구</study_type_kr>
				<i_freetext_kr></i_freetext_kr>
				<phase_kr></phase_kr>
				<source_name_kr>한국연구재단</source_name_kr>
				<primary_sponsor_kr>안동대학교</primary_sponsor_kr>
				<primary_outcome_1_kr>우울에 위험한 사상체질 타입</primary_outcome_1_kr>
			</item>
			<item>
				<trial_id>KCT0004183</trial_id>
				<scientific_title_kr>주요우울증에서 뉴로피드백이 기능회복 및 생체지표에 미치는 효과</scientific_title_kr>
				<scientific_title_en>Neurofeedback treatment on functional recovery and biological marker in major depressive disorder</scientific_title_en>
				<date_registration>2019-08-12</date_registration>
				<date_updated>2020-07-01</date_updated>
				<date_enrolment>2014-09-19</date_enrolment>
				<type_enrolment_kr>실제등록</type_enrolment_kr>
				<results_date_completed>2020-02-08</results_date_completed>
				<results_type_date_completed_kr>실제등록</results_type_date_completed_kr>
				<study_type_kr>중재연구</study_type_kr>
				<i_freetext_kr>의료기구</i_freetext_kr>
				<phase_kr>해당사항없음</phase_kr>
				<source_name_kr>영남대학교병원</source_name_kr>
				<primary_sponsor_kr>영남대학교병원</primary_sponsor_kr>
				<primary_outcome_1_kr>해밀턴 우울척도</primary_outcome_1_kr>
			</item>
			<item>
				<trial_id>KCT0004105</trial_id>
				<scientific_title_kr>우울증이 있는 경도인지장애 또는 초기 알츠하이머 치매 환자를 대상으로 경두개자극술 후 인지기능의 개선 효과에 대하여 유효성을 평가하기 위한 단일기관, 무작위 배정, 이중 눈가림, 활성대조군 비교 임상시험</scientific_title_kr>
				<scientific_title_en>A single-center, randomized, double-blinded, active-controlled study for the efficacy of transcranial current stimulation in mild cognitive impairment and early Alzheimer disease patients with depression</scientific_title_en>
				<date_registration>2019-07-01</date_registration>
				<date_updated>2019-06-27</date_updated>
				<date_enrolment>2018-01-02</date_enrolment>
				<type_enrolment_kr>실제등록</type_enrolment_kr>
				<results_date_completed>2020-12-31</results_date_completed>
				<results_type_date_completed_kr>예정</results_type_date_completed_kr>
				<study_type_kr>중재연구</study_type_kr>
				<i_freetext_kr>의료기구</i_freetext_kr>
				<phase_kr>해당사항없음</phase_kr>
				<source_name_kr>(주)와이브레인, 한국연구재단</source_name_kr>
				<primary_sponsor_kr>한림대학교부속 춘천성심병원</primary_sponsor_kr>
				<primary_outcome_1_kr>심리적 증상(우울, 불안)</primary_outcome_1_kr>
			</item>
			<item>
				<trial_id>KCT0004083</trial_id>
				<scientific_title_kr>알츠하이머 치매환자에서 우울증 치료를 위한 브린텔릭스의 무작위 배정,이중맹검 위약대조군 연구</scientific_title_kr>
				<scientific_title_en>Randomized, Double-blind placebo-controlled study of Brintelix for the treatment for depression in Alzheimer&amp;#39;s Disease.</scientific_title_en>
				<date_registration>2019-06-21</date_registration>
				<date_updated>2019-06-20</date_updated>
				<date_enrolment>2017-03-09</date_enrolment>
				<type_enrolment_kr>실제등록</type_enrolment_kr>
				<results_date_completed>2021-12-31</results_date_completed>
				<results_type_date_completed_kr>예정</results_type_date_completed_kr>
				<study_type_kr>중재연구</study_type_kr>
				<i_freetext_kr>의약품</i_freetext_kr>
				<phase_kr></phase_kr>
				<source_name_kr>한림대학교부속 춘천성심병원</source_name_kr>
				<primary_sponsor_kr>한림대학교부속 춘천성심병원</primary_sponsor_kr>
				<primary_outcome_1_kr>우울 증상</primary_outcome_1_kr>
			</item>
			<item>
				<trial_id>KCT0004041</trial_id>
				<scientific_title_kr>알츠하이머병, 경도인지장애 및 노인우울증 환자에서의 우울증과 관련된 생물-인지-신경생리 지표 연구</scientific_title_kr>
				<scientific_title_en>Depression realted to Bio-Cognitive-Neurophysiological Markers in AD, MCI, and geriatric depression</scientific_title_en>
				<date_registration>2019-06-05</date_registration>
				<date_updated>2019-06-05</date_updated>
				<date_enrolment>2014-03-04</date_enrolment>
				<type_enrolment_kr>실제등록</type_enrolment_kr>
				<results_date_completed>2021-12-31</results_date_completed>
				<results_type_date_completed_kr>예정</results_type_date_completed_kr>
				<study_type_kr>관찰연구</study_type_kr>
				<i_freetext_kr></i_freetext_kr>
				<phase_kr></phase_kr>
				<source_name_kr>한림대학교부속 춘천성심병원</source_name_kr>
				<primary_sponsor_kr>한림대학교부속 춘천성심병원</primary_sponsor_kr>
				<primary_outcome_1_kr>생물학적 지표 ( VEGF, endocan,  growth factor, inflammatory cytokine, β amyloid 40/42 등)</primary_outcome_1_kr>
			</item>
			<item>
				<trial_id>KCT0002818</trial_id>
				<scientific_title_kr>운동의 유형 및 신체활동량에 따른 우울증상, 기초체력 및 대장통과시간의 비교</scientific_title_kr>
				<scientific_title_en>The Effects of exercise type and physical activity amount on depression symptom, physical fitness and colon transit time</scientific_title_en>
				<date_registration>2018-04-23</date_registration>
				<date_updated>2018-04-23</date_updated>
				<date_enrolment>2012-03-01</date_enrolment>
				<type_enrolment_kr>실제등록</type_enrolment_kr>
				<results_date_completed>2013-02-28</results_date_completed>
				<results_type_date_completed_kr>실제등록</results_type_date_completed_kr>
				<study_type_kr>중재연구</study_type_kr>
				<i_freetext_kr>행동요인</i_freetext_kr>
				<phase_kr>해당사항없음</phase_kr>
				<source_name_kr>서울대학교</source_name_kr>
				<primary_sponsor_kr>서울대학교</primary_sponsor_kr>
				<primary_outcome_1_kr>대장통과시간</primary_outcome_1_kr>
			</item>
			<item>
				<trial_id>KCT0002704</trial_id>
				<scientific_title_kr>정상인 여성의 우울증 관련 지표 탐색 연구</scientific_title_kr>
				<scientific_title_en>A Study on Depression Related Indicators of Healthy Women</scientific_title_en>
				<date_registration>2018-02-23</date_registration>
				<date_updated>2018-08-21</date_updated>
				<date_enrolment>2017-11-28</date_enrolment>
				<type_enrolment_kr>실제등록</type_enrolment_kr>
				<results_date_completed></results_date_completed>
				<results_type_date_completed_kr></results_type_date_completed_kr>
				<study_type_kr>관찰연구</study_type_kr>
				<i_freetext_kr></i_freetext_kr>
				<phase_kr></phase_kr>
				<source_name_kr>한국한의학연구원</source_name_kr>
				<primary_sponsor_kr>대전대학교</primary_sponsor_kr>
				<primary_outcome_1_kr>한국형 해밀턴 우울증 평가 척도</primary_outcome_1_kr>
			</item>
			<item>
				<trial_id>KCT0002532</trial_id>
				<scientific_title_kr>여성의 주요우울증에 대한 노에스액(육울탕)의 안전성, 유효성 평가 무작위배정, 양측눈가림, 위약 대조, 평행설계 임상시험</scientific_title_kr>
				<scientific_title_en>A Randomized, Double-blind, Placebo-controlled, Parallel-group Study to Evaluate Safety and Efficacy of Yukwool-tang(LIUYU-tang) for Major Depression of women</scientific_title_en>
				<date_registration>2017-11-10</date_registration>
				<date_updated>2022-03-28</date_updated>
				<date_enrolment>2017-10-16</date_enrolment>
				<type_enrolment_kr>실제등록</type_enrolment_kr>
				<results_date_completed>2019-05-10</results_date_completed>
				<results_type_date_completed_kr>실제등록</results_type_date_completed_kr>
				<study_type_kr>중재연구</study_type_kr>
				<i_freetext_kr>의약품</i_freetext_kr>
				<phase_kr>해당사항없음</phase_kr>
				<source_name_kr>한국한의학연구원</source_name_kr>
				<primary_sponsor_kr>대전대학교</primary_sponsor_kr>
				<primary_outcome_1_kr>한국형 해밀턴 우울증 평가 척도</primary_outcome_1_kr>
			</item>
			<item>
				<trial_id>KCT0002499</trial_id>
				<scientific_title_kr>우울증 환자 대상 한약치료 관찰연구</scientific_title_kr>
				<scientific_title_en>Observational study of herbal medicine treatment for patient with depression</scientific_title_en>
				<date_registration>2017-10-13</date_registration>
				<date_updated>2017-09-05</date_updated>
				<date_enrolment>2017-07-26</date_enrolment>
				<type_enrolment_kr>실제등록</type_enrolment_kr>
				<results_date_completed></results_date_completed>
				<results_type_date_completed_kr></results_type_date_completed_kr>
				<study_type_kr>관찰연구</study_type_kr>
				<i_freetext_kr></i_freetext_kr>
				<phase_kr></phase_kr>
				<source_name_kr>한국한의학연구원</source_name_kr>
				<primary_sponsor_kr>대전대학교</primary_sponsor_kr>
				<primary_outcome_1_kr>한국판 해밀턴 우울증 평가척도</primary_outcome_1_kr>
			</item>
			<item>
				<trial_id>KCT0002174</trial_id>
				<scientific_title_kr>불안 증상을 동반한 우울증 환자의 치료적 전략: 전향적 단계별 임상연구</scientific_title_kr>
				<scientific_title_en>Development of Korean Medication Algorithm for Depressive Disorder with Anxiety Symptoms: Prospective Phased Clinical Research</scientific_title_en>
				<date_registration>2016-12-16</date_registration>
				<date_updated>2016-10-24</date_updated>
				<date_enrolment>2016-11-01</date_enrolment>
				<type_enrolment_kr>예정</type_enrolment_kr>
				<results_date_completed>2018-10-31</results_date_completed>
				<results_type_date_completed_kr>예정</results_type_date_completed_kr>
				<study_type_kr>중재연구</study_type_kr>
				<i_freetext_kr>의약품</i_freetext_kr>
				<phase_kr></phase_kr>
				<source_name_kr>보건복지부</source_name_kr>
				<primary_sponsor_kr>고려대학교</primary_sponsor_kr>
				<primary_outcome_1_kr>전반적 임상 인상 척도 </primary_outcome_1_kr>
			</item>
			<item>
				<trial_id>KCT0002173</trial_id>
				<scientific_title_kr>인지기능 장애를 동반한 우울증 환자의 치료적 전략: 전향적 단계별 임상연구</scientific_title_kr>
				<scientific_title_en>Development of Korean Medication Algorithm for Depressive Disorder with Cognitive Impairment: Prospective Phased Clinical Research</scientific_title_en>
				<date_registration>2016-12-16</date_registration>
				<date_updated>2016-10-24</date_updated>
				<date_enrolment>2016-11-01</date_enrolment>
				<type_enrolment_kr>예정</type_enrolment_kr>
				<results_date_completed>2018-10-31</results_date_completed>
				<results_type_date_completed_kr>예정</results_type_date_completed_kr>
				<study_type_kr>중재연구</study_type_kr>
				<i_freetext_kr>의약품</i_freetext_kr>
				<phase_kr></phase_kr>
				<source_name_kr>보건복지부</source_name_kr>
				<primary_sponsor_kr>고려대학교</primary_sponsor_kr>
				<primary_outcome_1_kr>전반적 임상 인상 척도</primary_outcome_1_kr>
			</item>
			<item>
				<trial_id>KCT0001411</trial_id>
				<scientific_title_kr>간암•간경변증•만성간질환 환자의 불면, 불안 및 우울증상에 대한 침의 효과 (무작위배정대조군 연구) </scientific_title_kr>
				<scientific_title_en>The effects of acupuncture on the insomnia, anxiety and depression of chronic liver disease patients: randomized controlled study</scientific_title_en>
				<date_registration>2015-03-12</date_registration>
				<date_updated>2015-03-11</date_updated>
				<date_enrolment>2012-10-04</date_enrolment>
				<type_enrolment_kr>실제등록</type_enrolment_kr>
				<results_date_completed>2013-04-12</results_date_completed>
				<results_type_date_completed_kr>실제등록</results_type_date_completed_kr>
				<study_type_kr>중재연구</study_type_kr>
				<i_freetext_kr>의료기구</i_freetext_kr>
				<phase_kr>해당사항없음</phase_kr>
				<source_name_kr>재단법인통합의료진흥원</source_name_kr>
				<primary_sponsor_kr>대구가톨릭대학교병원</primary_sponsor_kr>
				<primary_outcome_1_kr>NCC 점수</primary_outcome_1_kr>
			</item>
			<item>
				<trial_id>KCT0001332</trial_id>
				<scientific_title_kr>전남대학교병원 우울증 임상연구센터 우울증 환자 등록 및 임상연구 인프라 구축</scientific_title_kr>
				<scientific_title_en>Recruitment of patient and constructing infrastructure of clinical research for depression in CNUH</scientific_title_en>
				<date_registration>2014-12-30</date_registration>
				<date_updated>2020-03-04</date_updated>
				<date_enrolment>2012-03-12</date_enrolment>
				<type_enrolment_kr>실제등록</type_enrolment_kr>
				<results_date_completed>2019-05-31</results_date_completed>
				<results_type_date_completed_kr>실제등록</results_type_date_completed_kr>
				<study_type_kr>중재연구</study_type_kr>
				<i_freetext_kr>의약품</i_freetext_kr>
				<phase_kr>해당사항없음</phase_kr>
				<source_name_kr>보건복지부, 한국연구재단</source_name_kr>
				<primary_sponsor_kr>전남대학교병원</primary_sponsor_kr>
				<primary_outcome_1_kr>해밀턴 우울증상 평가 척도</primary_outcome_1_kr>
			</item>
			<item>
				<trial_id>KCT0001309</trial_id>
				<scientific_title_kr>우울증 임상연구네트워크구축사업</scientific_title_kr>
				<scientific_title_en>Development of Research Network for Depression</scientific_title_en>
				<date_registration>2014-12-11</date_registration>
				<date_updated>2014-12-09</date_updated>
				<date_enrolment>2014-08-31</date_enrolment>
				<type_enrolment_kr>실제등록</type_enrolment_kr>
				<results_date_completed>2016-05-31</results_date_completed>
				<results_type_date_completed_kr>예정</results_type_date_completed_kr>
				<study_type_kr>관찰연구</study_type_kr>
				<i_freetext_kr></i_freetext_kr>
				<phase_kr></phase_kr>
				<source_name_kr>보건복지부</source_name_kr>
				<primary_sponsor_kr>가톨릭대학교여의도성모병원</primary_sponsor_kr>
				<primary_outcome_1_kr>Hamilton 우울/불안 척도</primary_outcome_1_kr>
			</item>
			<item>
				<trial_id>KCT0001206</trial_id>
				<scientific_title_kr>한국형 우울증의 위험인자로서 Omega-3 Index 및 오메가-3 지방산의 항우울증 효과 </scientific_title_kr>
				<scientific_title_en>Omega-3 Index As a Risk Factor for Depression in Korean and Effect of Omega-3 Fatty Acids on Korean Patients with Depression</scientific_title_en>
				<date_registration>2014-08-25</date_registration>
				<date_updated>2014-08-19</date_updated>
				<date_enrolment>2010-01-04</date_enrolment>
				<type_enrolment_kr>실제등록</type_enrolment_kr>
				<results_date_completed>2013-06-24</results_date_completed>
				<results_type_date_completed_kr>실제등록</results_type_date_completed_kr>
				<study_type_kr>중재연구</study_type_kr>
				<i_freetext_kr>식이보충제</i_freetext_kr>
				<phase_kr>해당사항없음</phase_kr>
				<source_name_kr>미래창조과학부</source_name_kr>
				<primary_sponsor_kr>한양대학교</primary_sponsor_kr>
				<primary_outcome_1_kr>Hamilton Depression Rating Scale 17, CES-D-K, CGI, CGII</primary_outcome_1_kr>
			</item>
		</items>
	</body>
</response>
