<?xml version="1.0" encoding="UTF-8"?>

<response>
	<header>
		<resultCode>00</resultCode>
		<resultMsg>NORMAL_SERVICE</resultMsg>
		<numOfRows>5</numOfRows>
		<pageNo>2</pageNo>
		<totalCount>55</totalCount>
	</header>
	<body>
		<items>
			<item>
				<trial_id>KCT0000702</trial_id>
				<scientific_title_kr>우울증 환자에서 사건관련전위를 이용한 전기정신생리학적 생체지표 개발</scientific_title_kr>
				<scientific_title_en>Development of the electropsychophysiological biomarkers of depressive disorders based on event-related potentials</scientific_title_en>
				<date_registration>2013-03-15</date_registration>
				<date_updated>2013-03-13</date_updated>
				<date_enrolment>2012-07-16</date_enrolment>
				<type_enrolment_kr>실제등록</type_enrolment_kr>
				<results_date_completed>2015-07-02</results_date_completed>
				<results_type_date_completed_kr>예정</results_type_date_completed_kr>
				<study_type_kr>관찰연구</study_type_kr>
				<i_freetext_kr></i_freetext_kr>
				<phase_kr></phase_kr>
				<source_name_kr>보건복지부</source_name_kr>
				<primary_sponsor_kr>전남대학교병원</primary_sponsor_kr>
				<primary_outcome_1_kr>해밀턴 우울증상척도</primary_outcome_1_kr>
			</item>
			<item>
				<trial_id>KCT0000683</trial_id>
				<scientific_title_kr>우울증환자에서 salivary cortisol과 항우울제 치료반응</scientific_title_kr>
				<scientific_title_en>Salivary cortisol level and antidepressant treatment outcome in patients with depression</scientific_title_en>
				<date_registration>2013-02-19</date_registration>
				<date_updated>2013-02-16</date_updated>
				<date_enrolment>2012-12-20</date_enrolment>
				<type_enrolment_kr>실제등록</type_enrolment_kr>
				<results_date_completed>2015-12-31</results_date_completed>
				<results_type_date_completed_kr>예정</results_type_date_completed_kr>
				<study_type_kr>관찰연구</study_type_kr>
				<i_freetext_kr></i_freetext_kr>
				<phase_kr></phase_kr>
				<source_name_kr>보건복지부</source_name_kr>
				<primary_sponsor_kr>전남대학교병원</primary_sponsor_kr>
				<primary_outcome_1_kr>해밀턴 우울증상 평가 척도</primary_outcome_1_kr>
			</item>
			<item>
				<trial_id>KCT0000292</trial_id>
				<scientific_title_kr>뇌졸중 후 우울증과 인지기능장애가 기능적 예후에 미치는 영향</scientific_title_kr>
				<scientific_title_en>The impact of poststroke depression and poststroke cognitive impairment on functional outcomes in stroke survivors </scientific_title_en>
				<date_registration>2011-12-16</date_registration>
				<date_updated>2011-12-15</date_updated>
				<date_enrolment>2007-10-07</date_enrolment>
				<type_enrolment_kr>실제등록</type_enrolment_kr>
				<results_date_completed>2011-08-31</results_date_completed>
				<results_type_date_completed_kr></results_type_date_completed_kr>
				<study_type_kr>관찰연구</study_type_kr>
				<i_freetext_kr></i_freetext_kr>
				<phase_kr></phase_kr>
				<source_name_kr>한국 BMS</source_name_kr>
				<primary_sponsor_kr>한림대학교성심병원</primary_sponsor_kr>
				<primary_outcome_1_kr>뇌졸중 후 우울증 발생</primary_outcome_1_kr>
			</item>
			<item>
				<trial_id>KCT0000076</trial_id>
				<scientific_title_kr>암환자 우울증의 항우울 약물치료에서 사이토카인의 역할</scientific_title_kr>
				<scientific_title_en>Effects of cytokine for antidepressant treatment in Cancer Patients with depression</scientific_title_en>
				<date_registration>2011-01-03</date_registration>
				<date_updated>2011-02-21</date_updated>
				<date_enrolment>2010-03-02</date_enrolment>
				<type_enrolment_kr>실제등록</type_enrolment_kr>
				<results_date_completed>2013-12-01</results_date_completed>
				<results_type_date_completed_kr></results_type_date_completed_kr>
				<study_type_kr>중재연구</study_type_kr>
				<i_freetext_kr>의약품</i_freetext_kr>
				<phase_kr></phase_kr>
				<source_name_kr>한국보건산업진흥원</source_name_kr>
				<primary_sponsor_kr>전남대학교병원</primary_sponsor_kr>
				<primary_outcome_1_kr>몽고메리 아스버그 우울증상 평가 척도</primary_outcome_1_kr>
			</item>
			<item>
				<trial_id>KCT0000053</trial_id>
				<scientific_title_kr>급성 관동맥증후군이 있는 우울증 환자의 치료에 있어서 escitalopram의 유효성과 안정성: 이중맹검 위약대조</scientific_title_kr>
				<scientific_title_en>Efficacy and safety of Escitalopram in the treatment of depressive patients with acute coronary artery syndrome: A double-blind placebo-controlled trial</scientific_title_en>
				<date_registration>2010-11-03</date_registration>
				<date_updated>2010-11-01</date_updated>
				<date_enrolment>2007-05-03</date_enrolment>
				<type_enrolment_kr>실제등록</type_enrolment_kr>
				<results_date_completed>2013-01-01</results_date_completed>
				<results_type_date_completed_kr></results_type_date_completed_kr>
				<study_type_kr>중재연구</study_type_kr>
				<i_freetext_kr>의약품</i_freetext_kr>
				<phase_kr></phase_kr>
				<source_name_kr>룬드벡, 한국보건산업진흥원</source_name_kr>
				<primary_sponsor_kr>전남대학교병원</primary_sponsor_kr>
				<primary_outcome_1_kr>해밀턴  우울증상 평가 척도</primary_outcome_1_kr>
			</item>
		</items>
	</body>
</response>
