{
    "id": "MDRW1900000011",
    "metadata": {
        "title": "국립국어원 메신저 말뭉치 MDRW1900000011",
        "creator": "국립국어원",
        "distributor": "국립국어원",
        "year": "2019",
        "category": "메신저 대화 > 2인 대화",
        "annotation_level": [
            "원시"
        ],
        "sampling": "참여자 모집 후 대화 수집"
    },
    "document": [
        {
            "id": "MDRW1900000011.1",
            "metadata": {
                "title": "메신저 대화",
                "author": "개인 대화 참여자",
                "publisher": "카카오톡",
                "date": "20191219",
                "topic": "주거와 생활 (집안일, 육아, 부동산, 경제 활동, 생활 정보)",
                "speaker": [
                    {
                        "id": "1",
                        "age": "30대",
                        "occupation": "전문가 및 관련 종사자",
                        "sex": "여성",
                        "birthplace": "울산",
                        "pricipal_residence": "부산",
                        "current_residence": "부산",
                        "device": "스마트폰",
                        "keyboard": "천지인"
                    },
                    {
                        "id": "2",
                        "age": "60대",
                        "occupation": "단순노무 종사자",
                        "sex": "남성",
                        "birthplace": "경남",
                        "pricipal_residence": "경남",
                        "current_residence": "경남",
                        "device": "스마트폰",
                        "keyboard": "천지인"
                    }
                ],
                "setting": {
                    "relation": "가족 : 부모-자녀",
                    "intimacy": 4,
                    "contact_frequency": "주 1회 미만"
                }
            },
            "utterance": [
                {
                    "id": "MDRW1900000011.1.1.1",
                    "form": "아빠 오늘 애들 보러 몇시에 오세요?",
                    "original_form": "아빠 오늘 애들 보러 몇시에 오세요?",
                    "speaker_id": "1",
                    "time": "20191128 16:31"
                },
                {
                    "id": "MDRW1900000011.1.1.2",
                    "form": "오늘 비가와서 일찍 마쳤어 지금 가고있어",
                    "original_form": "오늘 비가와서 일찍 마쳤어 지금 가고있어",
                    "speaker_id": "2",
                    "time": "20191128 16:32"
                },
                {
                    "id": "MDRW1900000011.1.1.3",
                    "form": "아~ 일찍 마치셨네요~ 어디쯤이세요?",
                    "original_form": "아~ 일찍 마치셨네요~ 어디쯤이세요?",
                    "speaker_id": "1",
                    "time": "20191128 16:32"
                },
                {
                    "id": "MDRW1900000011.1.1.4",
                    "form": "대동지나가",
                    "original_form": "대동지나가",
                    "speaker_id": "2",
                    "time": "20191128 16:32"
                },
                {
                    "id": "MDRW1900000011.1.1.5",
                    "form": "첫째 지금 오는길인데 아빠오시는지 몰라요 ㅎ",
                    "original_form": "첫째 지금 오는길인데 아빠오시는지 몰라요 ㅎ",
                    "speaker_id": "1",
                    "time": "20191128 16:33"
                },
                {
                    "id": "MDRW1900000011.1.1.6",
                    "form": "첫째는 몇시에 오니",
                    "original_form": "첫째는 몇시에 오니",
                    "speaker_id": "2",
                    "time": "20191128 16:33"
                },
                {
                    "id": "MDRW1900000011.1.1.7",
                    "form": "신랑이 데리러갔어요",
                    "original_form": "신랑이 데리러갔어요",
                    "speaker_id": "1",
                    "time": "20191128 16:33"
                },
                {
                    "id": "MDRW1900000011.1.1.8",
                    "form": "문열리는 소리나요ㅎㅎ",
                    "original_form": "문열리는 소리나요ㅎㅎ",
                    "speaker_id": "1",
                    "time": "20191128 16:33"
                },
                {
                    "id": "MDRW1900000011.1.1.9",
                    "form": "빨리 가서 보고싶네",
                    "original_form": "빨리  가서 보고싶네",
                    "speaker_id": "2",
                    "time": "20191128 16:34"
                },
                {
                    "id": "MDRW1900000011.1.1.10",
                    "form": "근데 지금 감기가 넘 심해요ㅠ",
                    "original_form": "근데 지금 감기가 넘 심해요ㅠ",
                    "speaker_id": "1",
                    "time": "20191128 16:34"
                },
                {
                    "id": "MDRW1900000011.1.1.11",
                    "form": "병원 은 언제가니",
                    "original_form": "병원 은 언제가니",
                    "speaker_id": "2",
                    "time": "20191128 16:35"
                },
                {
                    "id": "MDRW1900000011.1.1.12",
                    "form": "아빠 오시는중이니까 지금 데리고 다녀올게요",
                    "original_form": "아빠 오시는중이니까 지금 데리고 다녀올게요",
                    "speaker_id": "1",
                    "time": "20191128 16:35"
                },
                {
                    "id": "MDRW1900000011.1.1.13",
                    "form": "name3는 어쩌디?",
                    "original_form": "&name3&는 어쩌디?",
                    "speaker_id": "2",
                    "time": "20191128 16:35"
                },
                {
                    "id": "MDRW1900000011.1.1.14",
                    "form": "name3는 제가보고 신랑보고 가라고해야겠어요",
                    "original_form": "&name3&는 제가보고 신랑보고 가라고해야겠어요",
                    "speaker_id": "1",
                    "time": "20191128 16:36"
                },
                {
                    "id": "MDRW1900000011.1.1.15",
                    "form": "name3는 감기안걸렸어?",
                    "original_form": "&name3&는 감기안걸렸어?",
                    "speaker_id": "2",
                    "time": "20191128 16:36"
                },
                {
                    "id": "MDRW1900000011.1.1.16",
                    "form": "네 아직까지는 괜찮아요 근데 name4이가 콧물이 너무 심해요ㅠ",
                    "original_form": "네 아직까지는 괜찮아요 근데 &name4&이가 콧물이 너무 심해요ㅠ",
                    "speaker_id": "1",
                    "time": "20191128 16:36"
                },
                {
                    "id": "MDRW1900000011.1.1.17",
                    "form": "큰일이네",
                    "original_form": "큰일이네",
                    "speaker_id": "2",
                    "time": "20191128 16:36"
                },
                {
                    "id": "MDRW1900000011.1.1.18",
                    "form": "name3는 뭐하니?",
                    "original_form": "&name3&는 뭐하니?",
                    "speaker_id": "2",
                    "time": "20191128 16:37"
                },
                {
                    "id": "MDRW1900000011.1.1.19",
                    "form": "쏘서에 넣어두었어요ㅎㅎ",
                    "original_form": "쏘서에 넣어두었어요ㅎㅎ",
                    "speaker_id": "1",
                    "time": "20191128 16:37"
                },
                {
                    "id": "MDRW1900000011.1.1.20",
                    "form": "쏘서에 있어도 안울어?",
                    "original_form": "쏘서에 있어도 안울어?",
                    "speaker_id": "2",
                    "time": "20191128 16:38"
                },
                {
                    "id": "MDRW1900000011.1.1.21",
                    "form": "요즘은 쏘서 싫어해서 잠시 두는동안만 넣어둬요",
                    "original_form": "요즘은 쏘서 싫어해서 잠시 두는동안만 넣어둬요",
                    "speaker_id": "1",
                    "time": "20191128 16:38"
                },
                {
                    "id": "MDRW1900000011.1.1.22",
                    "form": "지금도 찡찡거려요ㅎ",
                    "original_form": "지금도 찡찡거려요ㅎ",
                    "speaker_id": "1",
                    "time": "20191128 16:38"
                },
                {
                    "id": "MDRW1900000011.1.1.23",
                    "form": "name4이 왔는데 같이안놀아주나?",
                    "original_form": "&name4&이 왔는데 같이안놀아주나?",
                    "speaker_id": "2",
                    "time": "20191128 16:39"
                },
                {
                    "id": "MDRW1900000011.1.1.24",
                    "form": "아직 name3 안좋아해요ㅠ",
                    "original_form": "아직 &name3& 안좋아해요ㅠ",
                    "speaker_id": "1",
                    "time": "20191128 16:39"
                },
                {
                    "id": "MDRW1900000011.1.1.25",
                    "form": "name3가 좀크면 name4이랑 놀꺼고 잘지낼거야",
                    "original_form": "&name3&가 좀크면 &name4&이랑 놀꺼고 잘지낼거야",
                    "speaker_id": "2",
                    "time": "20191128 16:40"
                },
                {
                    "id": "MDRW1900000011.1.1.26",
                    "form": "그래야하는데 너무 안좋아해서 걱정이에요",
                    "original_form": "그래야하는데 너무 안좋아해서 걱정이에요",
                    "speaker_id": "1",
                    "time": "20191128 16:40"
                },
                {
                    "id": "MDRW1900000011.1.1.27",
                    "form": "가까이가면 막 소리질러요ㅠ",
                    "original_form": "가까이가면 막 소리질러요ㅠ",
                    "speaker_id": "1",
                    "time": "20191128 16:40"
                },
                {
                    "id": "MDRW1900000011.1.1.28",
                    "form": "name4이가 소리지르면 name3는?",
                    "original_form": "&name4&이가 소리지르면 &name3&는?",
                    "speaker_id": "2",
                    "time": "20191128 16:40"
                },
                {
                    "id": "MDRW1900000011.1.1.29",
                    "form": "울때도 있고 안울때도 있어요ㅠ",
                    "original_form": "울때도 있고 안울때도 있어요ㅠ",
                    "speaker_id": "1",
                    "time": "20191128 16:41"
                },
                {
                    "id": "MDRW1900000011.1.1.30",
                    "form": "점점 적응이 되는지 덜울긴하는데..",
                    "original_form": "점점 적응이 되는지 덜울긴하는데..",
                    "speaker_id": "1",
                    "time": "20191128 16:41"
                },
                {
                    "id": "MDRW1900000011.1.1.31",
                    "form": "name4이가 name3를 받아드려야하는데...",
                    "original_form": "&name4&이가 &name3&를 받아드려야하는데...",
                    "speaker_id": "2",
                    "time": "20191128 16:41"
                },
                {
                    "id": "MDRW1900000011.1.1.32",
                    "form": "악 name3가 자꾸 폰건드려고해요",
                    "original_form": "악 &name3&가 자꾸 폰건드려고해요",
                    "speaker_id": "1",
                    "time": "20191128 16:41"
                },
                {
                    "id": "MDRW1900000011.1.1.33",
                    "form": "자꾸 폰보면ㅈ안되고 애책읽어줘",
                    "original_form": "자꾸 폰보면ㅈ안되고 애책읽어줘",
                    "speaker_id": "2",
                    "time": "20191128 16:42"
                },
                {
                    "id": "MDRW1900000011.1.1.34",
                    "form": "name3 잘때만 그래요",
                    "original_form": "&name3& 잘때만 그래요",
                    "speaker_id": "1",
                    "time": "20191128 16:42"
                },
                {
                    "id": "MDRW1900000011.1.1.35",
                    "form": "name3는 아직 어려서 책을 잘몰라요",
                    "original_form": "&name3&는 아직 어려서 책을 잘몰라요",
                    "speaker_id": "1",
                    "time": "20191128 16:42"
                },
                {
                    "id": "MDRW1900000011.1.1.36",
                    "form": "보여주면 빨기만하고ㅋㅋ",
                    "original_form": "보여주면 빨기만하고ㅋㅋ",
                    "speaker_id": "1",
                    "time": "20191128 16:42"
                },
                {
                    "id": "MDRW1900000011.1.1.37",
                    "form": "그래도 보여주다보면 흥미 붙일거야",
                    "original_form": "그래도 보여주다보면 흥미 붙일거야",
                    "speaker_id": "2",
                    "time": "20191128 16:43"
                },
                {
                    "id": "MDRW1900000011.1.1.38",
                    "form": "어린이집방학은 언제야?",
                    "original_form": "어린이집방학은 언제야?",
                    "speaker_id": "2",
                    "time": "20191128 16:43"
                },
                {
                    "id": "MDRW1900000011.1.1.39",
                    "form": "크리스마스 쯤이요",
                    "original_form": "크리스마스 쯤이요",
                    "speaker_id": "1",
                    "time": "20191128 16:43"
                },
                {
                    "id": "MDRW1900000011.1.1.40",
                    "form": "그때 울산가려구요",
                    "original_form": "그때 울산가려구요",
                    "speaker_id": "1",
                    "time": "20191128 16:44"
                },
                {
                    "id": "MDRW1900000011.1.1.41",
                    "form": "그래 그럼 그때 아빠도울산갈게",
                    "original_form": "그래 그럼 그때 아빠도울산갈게",
                    "speaker_id": "2",
                    "time": "20191128 16:44"
                },
                {
                    "id": "MDRW1900000011.1.1.42",
                    "form": "네 추울거같아서 난방텐트랑 다가져가려구요",
                    "original_form": "네 추울거같아서 난방텐트랑 다가져가려구요",
                    "speaker_id": "1",
                    "time": "20191128 16:44"
                },
                {
                    "id": "MDRW1900000011.1.1.43",
                    "form": "가습기는?",
                    "original_form": "가습기는?",
                    "speaker_id": "2",
                    "time": "20191128 16:44"
                },
                {
                    "id": "MDRW1900000011.1.1.44",
                    "form": "가습기도요ㅋㅋㅋ",
                    "original_form": "가습기도요ㅋㅋㅋ",
                    "speaker_id": "1",
                    "time": "20191128 16:44"
                },
                {
                    "id": "MDRW1900000011.1.1.45",
                    "form": "애들 겨울에 울산집 추워서ㅜ",
                    "original_form": "애들 겨울에 울산집 추워서ㅜ",
                    "speaker_id": "1",
                    "time": "20191128 16:45"
                },
                {
                    "id": "MDRW1900000011.1.1.46",
                    "form": "우풍이 심하지?",
                    "original_form": "우풍이 심하지?",
                    "speaker_id": "2",
                    "time": "20191128 16:45"
                },
                {
                    "id": "MDRW1900000011.1.1.47",
                    "form": "네 창쪽도 그렇고",
                    "original_form": "네 창쪽도 그렇고",
                    "speaker_id": "1",
                    "time": "20191128 16:45"
                },
                {
                    "id": "MDRW1900000011.1.1.48",
                    "form": "장농쪽도 그래요",
                    "original_form": "장농쪽도 그래요",
                    "speaker_id": "1",
                    "time": "20191128 16:45"
                },
                {
                    "id": "MDRW1900000011.1.1.49",
                    "form": "장농쪽도?",
                    "original_form": "장농쪽도?",
                    "speaker_id": "2",
                    "time": "20191128 16:45"
                },
                {
                    "id": "MDRW1900000011.1.1.50",
                    "form": "네 그래서 지난번에 갔을때 장농사이에 이불끼워났어요",
                    "original_form": "네 그래서 지난번에 갔을때 장농사이에 이불끼워났어요",
                    "speaker_id": "1",
                    "time": "20191128 16:46"
                },
                {
                    "id": "MDRW1900000011.1.1.51",
                    "form": "그랬더니 괜찮더라구요",
                    "original_form": "그랬더니 괜찮더라구요",
                    "speaker_id": "1",
                    "time": "20191128 16:46"
                },
                {
                    "id": "MDRW1900000011.1.1.52",
                    "form": "왔는데 감기걸리면",
                    "original_form": "왔는데 감기걸리면",
                    "speaker_id": "2",
                    "time": "20191128 16:46"
                },
                {
                    "id": "MDRW1900000011.1.1.53",
                    "form": "엄마아빠 걱정되니까 잘준비해서 오렴",
                    "original_form": "엄마아빠 걱정되니까 잘준비해서 오렴",
                    "speaker_id": "2",
                    "time": "20191128 16:46"
                },
                {
                    "id": "MDRW1900000011.1.1.54",
                    "form": "네!!",
                    "original_form": "네!!",
                    "speaker_id": "1",
                    "time": "20191128 16:47"
                },
                {
                    "id": "MDRW1900000011.1.1.55",
                    "form": "name4이 병원은 어디갔니,",
                    "original_form": "&name4&이 병원은 어디갔니,",
                    "speaker_id": "2",
                    "time": "20191128 16:47"
                },
                {
                    "id": "MDRW1900000011.1.1.56",
                    "form": "신랑다니는 이비인후과요",
                    "original_form": "신랑다니는 이비인후과요",
                    "speaker_id": "1",
                    "time": "20191128 16:47"
                },
                {
                    "id": "MDRW1900000011.1.1.57",
                    "form": "사람이 없어야 될텐데요ㅠㅠ",
                    "original_form": "사람이 없어야 될텐데요ㅠㅠ",
                    "speaker_id": "1",
                    "time": "20191128 16:48"
                },
                {
                    "id": "MDRW1900000011.1.1.58",
                    "form": "미리전화해보고 가지",
                    "original_form": "미리전화해보고 가지",
                    "speaker_id": "2",
                    "time": "20191128 16:48"
                },
                {
                    "id": "MDRW1900000011.1.1.59",
                    "form": "그럴걸그랬어요 지금 사람이 많데요ㅠ",
                    "original_form": "그럴걸그랬어요 지금 사람이 많데요ㅠ",
                    "speaker_id": "1",
                    "time": "20191128 16:48"
                },
                {
                    "id": "MDRW1900000011.1.1.60",
                    "form": "코빼는거 해야는데",
                    "original_form": "코빼는거 해야는데",
                    "speaker_id": "1",
                    "time": "20191128 16:49"
                },
                {
                    "id": "MDRW1900000011.1.1.61",
                    "form": "원래잘빼는데 거기서 어른이 하는걸로빼면 울거같아요",
                    "original_form": "원래잘빼는데 거기서 어른이 하는걸로빼면 울거같아요",
                    "speaker_id": "1",
                    "time": "20191128 16:49"
                },
                {
                    "id": "MDRW1900000011.1.1.62",
                    "form": "그래도 빼야좋단다",
                    "original_form": "그래도 빼야좋단다",
                    "speaker_id": "2",
                    "time": "20191128 16:49"
                },
                {
                    "id": "MDRW1900000011.1.1.63",
                    "form": "네 콧물이 너무가득차서",
                    "original_form": "네 콧물이 너무가득차서",
                    "speaker_id": "1",
                    "time": "20191128 16:49"
                },
                {
                    "id": "MDRW1900000011.1.1.64",
                    "form": "잘때도.. 자꾸 코가넘어가서 기침해요",
                    "original_form": "잘때도.. 자꾸 코가넘어가서 기침해요",
                    "speaker_id": "1",
                    "time": "20191128 16:49"
                },
                {
                    "id": "MDRW1900000011.1.1.65",
                    "form": "더더욱빼야겠구나",
                    "original_form": "더더욱빼야겠구나",
                    "speaker_id": "2",
                    "time": "20191128 16:49"
                },
                {
                    "id": "MDRW1900000011.1.1.66",
                    "form": "아빠이제 다와간다",
                    "original_form": "아빠이제 다와간다",
                    "speaker_id": "2",
                    "time": "20191128 16:50"
                },
                {
                    "id": "MDRW1900000011.1.1.67",
                    "form": "가서 이야기하자",
                    "original_form": "가서 이야기하자",
                    "speaker_id": "2",
                    "time": "20191128 16:50"
                },
                {
                    "id": "MDRW1900000011.1.1.68",
                    "form": "네 엄마한테 말씀 드려놀게요!",
                    "original_form": "네 엄마한테 말씀 드려놀게요!",
                    "speaker_id": "1",
                    "time": "20191128 16:50"
                }
            ]
        }
    ]
}