{
    "id": "MDRW1900000002",
    "metadata": {
        "title": "국립국어원 메신저 말뭉치 MDRW1900000002",
        "creator": "국립국어원",
        "distributor": "국립국어원",
        "year": "2019",
        "category": "메신저 대화 > 2인 대화",
        "annotation_level": [
            "원시"
        ],
        "sampling": "참여자 모집 후 대화 수집"
    },
    "document": [
        {
            "id": "MDRW1900000002.1",
            "metadata": {
                "title": "메신저 대화",
                "author": "개인 대화 참여자",
                "publisher": "카카오톡",
                "date": "20191219",
                "topic": "여행 (여행지, 계획 등)",
                "speaker": [
                    {
                        "id": "1",
                        "age": "20대",
                        "occupation": "군인",
                        "sex": "남성",
                        "birthplace": "경기",
                        "pricipal_residence": "경기",
                        "current_residence": "경기",
                        "device": "스마트폰",
                        "keyboard": "2벌식(쿼티)"
                    },
                    {
                        "id": "2",
                        "age": "20대",
                        "occupation": "사무 종사자",
                        "sex": "여성",
                        "birthplace": "경기",
                        "pricipal_residence": "경기",
                        "current_residence": "경기",
                        "device": "PC",
                        "keyboard": "2벌식(쿼티)"
                    }
                ],
                "setting": {
                    "relation": "기타 : 온라인 커뮤니티",
                    "intimacy": 3,
                    "contact_frequency": "주 3회 이상"
                }
            },
            "utterance": [
                {
                    "id": "MDRW1900000002.1.1.1",
                    "form": "누나 모해??",
                    "original_form": "누나 모해??",
                    "speaker_id": "1",
                    "time": "20191128 15:04"
                },
                {
                    "id": "MDRW1900000002.1.1.2",
                    "form": "ㅋㅋㅋㅋ 일하고 있지ㅠㅠ",
                    "original_form": "ㅋㅋㅋㅋ 일하고 있지ㅠㅠ",
                    "speaker_id": "2",
                    "time": "20191128 15:05"
                },
                {
                    "id": "MDRW1900000002.1.1.3",
                    "form": "ㅋㅋㅋㅋㅋㅋ나돈데 지금 몰래 여행갈곳 찾는중 ㅎ",
                    "original_form": "ㅋㅋㅋㅋㅋㅋ나돈데 지금 몰래 여행갈곳 찾는중 ㅎ",
                    "speaker_id": "1",
                    "time": "20191128 15:05"
                },
                {
                    "id": "MDRW1900000002.1.1.4",
                    "form": "오오 어디?",
                    "original_form": "오오 어디?",
                    "speaker_id": "2",
                    "time": "20191128 15:05"
                },
                {
                    "id": "MDRW1900000002.1.1.5",
                    "form": "외국은 돈이 없어서 못가구 ㅠ",
                    "original_form": "외국은 돈이 없어서 못가구 ㅠ",
                    "speaker_id": "1",
                    "time": "20191128 15:06"
                },
                {
                    "id": "MDRW1900000002.1.1.6",
                    "form": "국내에서 온천?갈까 생각중이야",
                    "original_form": "국내에서 온천?갈까 생각중이야",
                    "speaker_id": "1",
                    "time": "20191128 15:06"
                },
                {
                    "id": "MDRW1900000002.1.1.7",
                    "form": "국내에 온천이 있어?",
                    "original_form": "국내에 온천이 있어?",
                    "speaker_id": "2",
                    "time": "20191128 15:06"
                },
                {
                    "id": "MDRW1900000002.1.1.8",
                    "form": "찾아보니까 온양온천???있던데?",
                    "original_form": "찾아보니까 온양온천???있던데?",
                    "speaker_id": "1",
                    "time": "20191128 15:06"
                },
                {
                    "id": "MDRW1900000002.1.1.9",
                    "form": "역도 있더라 ㄷㄷ",
                    "original_form": "역도 있더라 ㄷㄷ",
                    "speaker_id": "1",
                    "time": "20191128 15:06"
                },
                {
                    "id": "MDRW1900000002.1.1.10",
                    "form": "ㅋㅋㅋㅋ헐 대박 ㅋㅋㅋㅋㅋㅋㅋㅋㅋ 어때?",
                    "original_form": "ㅋㅋㅋㅋ헐 대박 ㅋㅋㅋㅋㅋㅋㅋㅋㅋ 어때?",
                    "speaker_id": "2",
                    "time": "20191128 15:06"
                },
                {
                    "id": "MDRW1900000002.1.1.11",
                    "form": "쫌 괜춘한거 같긴한데 아직 알아보는중이라 ㅠㅠ",
                    "original_form": "쫌 괜춘한거 같긴한데 아직 알아보는중이라 ㅠㅠ",
                    "speaker_id": "1",
                    "time": "20191128 15:07"
                },
                {
                    "id": "MDRW1900000002.1.1.12",
                    "form": "누나는 어디 안가?",
                    "original_form": "누나는 어디 안가?",
                    "speaker_id": "1",
                    "time": "20191128 15:07"
                },
                {
                    "id": "MDRW1900000002.1.1.13",
                    "form": "나는 연말에 휴가 있어서 그때 해외로 뜰거야 ㅎㅎ",
                    "original_form": "나는 연말에 휴가 있어서 그때 해외로 뜰거야 ㅎㅎ",
                    "speaker_id": "2",
                    "time": "20191128 15:07"
                },
                {
                    "id": "MDRW1900000002.1.1.14",
                    "form": "오 해외오디???",
                    "original_form": "오 해외오디???",
                    "speaker_id": "1",
                    "time": "20191128 15:07"
                },
                {
                    "id": "MDRW1900000002.1.1.15",
                    "form": "방콕갔다올라고 ㅋㅋㅋ 예전에 가서 카운트다운했는데 너무 재밌게 놀았어서 한번 더 가서 할라구><",
                    "original_form": "방콕갔다올라고 ㅋㅋㅋ 예전에 가서 카운트다운했는데 너무 재밌게 놀았어서 한번 더 가서 할라구><",
                    "speaker_id": "2",
                    "time": "20191128 15:07"
                },
                {
                    "id": "MDRW1900000002.1.1.16",
                    "form": "오..방콕이....베트남인가...?태국인가?",
                    "original_form": "오..방콕이....베트남인가...?태국인가?",
                    "speaker_id": "1",
                    "time": "20191128 15:08"
                },
                {
                    "id": "MDRW1900000002.1.1.17",
                    "form": "태국이지 ㅋㅋㅋㅋㅋ 베트남은 호치민?",
                    "original_form": "태국이지 ㅋㅋㅋㅋㅋ 베트남은 호치민?",
                    "speaker_id": "2",
                    "time": "20191128 15:08"
                },
                {
                    "id": "MDRW1900000002.1.1.18",
                    "form": "아맞네맞네 ㅋㅋㅋㅋㅋ 잠깐 헷갈렷당",
                    "original_form": "아맞네맞네 ㅋㅋㅋㅋㅋ 잠깐 헷갈렷당",
                    "speaker_id": "1",
                    "time": "20191128 15:08"
                },
                {
                    "id": "MDRW1900000002.1.1.19",
                    "form": "나도 국내말고 해와가고싶다...",
                    "original_form": "나도 국내말고 해와가고싶다...",
                    "speaker_id": "1",
                    "time": "20191128 15:08"
                },
                {
                    "id": "MDRW1900000002.1.1.20",
                    "form": "나좀데려가조.....",
                    "original_form": "나좀데려가조.....",
                    "speaker_id": "1",
                    "time": "20191128 15:09"
                },
                {
                    "id": "MDRW1900000002.1.1.21",
                    "form": "캐리어에 넣어줄까..?",
                    "original_form": "캐리어에 넣어줄까..?",
                    "speaker_id": "2",
                    "time": "20191128 15:09"
                },
                {
                    "id": "MDRW1900000002.1.1.22",
                    "form": "ㅋㅋㅋㅋㅋㅋㅋㅋㅋㅋㅋㅋㅋ",
                    "original_form": "ㅋㅋㅋㅋㅋㅋㅋㅋㅋㅋㅋㅋㅋ",
                    "speaker_id": "1",
                    "time": "20191128 15:09"
                },
                {
                    "id": "MDRW1900000002.1.1.23",
                    "form": "베트남은 나랑 안맞아서 태국이 좋아 ㅠㅠ",
                    "original_form": "베트남은 나랑 안맞아서 태국이 좋아 ㅠㅠ",
                    "speaker_id": "2",
                    "time": "20191128 15:09"
                },
                {
                    "id": "MDRW1900000002.1.1.24",
                    "form": "베트남 알레르기...?",
                    "original_form": "베트남 알레르기...?",
                    "speaker_id": "1",
                    "time": "20191128 15:09"
                },
                {
                    "id": "MDRW1900000002.1.1.25",
                    "form": "태국만 벌써 두번 갔다 왔는데 이번에 가면 세번째지롱",
                    "original_form": "태국만 벌써 두번 갔다 왔는데 이번에 가면 세번째지롱",
                    "speaker_id": "2",
                    "time": "20191128 15:09"
                },
                {
                    "id": "MDRW1900000002.1.1.26",
                    "form": "오",
                    "original_form": "오",
                    "speaker_id": "1",
                    "time": "20191128 15:09"
                },
                {
                    "id": "MDRW1900000002.1.1.27",
                    "form": "모야",
                    "original_form": "모야",
                    "speaker_id": "1",
                    "time": "20191128 15:09"
                },
                {
                    "id": "MDRW1900000002.1.1.28",
                    "form": "부러워",
                    "original_form": "부러워",
                    "speaker_id": "1",
                    "time": "20191128 15:09"
                },
                {
                    "id": "MDRW1900000002.1.1.29",
                    "form": "나 해외",
                    "original_form": "나 해외",
                    "speaker_id": "1",
                    "time": "20191128 15:09"
                },
                {
                    "id": "MDRW1900000002.1.1.30",
                    "form": "나간적 한번두 없는데",
                    "original_form": "나간적 한번두 없는데",
                    "speaker_id": "1",
                    "time": "20191128 15:09"
                },
                {
                    "id": "MDRW1900000002.1.1.31",
                    "form": "너 누나 세계여행 하고 온거 몰라?",
                    "original_form": "너 누나 세계여행 하고 온거 몰라?",
                    "speaker_id": "2",
                    "time": "20191128 15:09"
                },
                {
                    "id": "MDRW1900000002.1.1.32",
                    "form": "ㅋㅋㅋㅋㅋㅋ진짜로??????",
                    "original_form": "ㅋㅋㅋㅋㅋㅋ진짜로??????",
                    "speaker_id": "1",
                    "time": "20191128 15:10"
                },
                {
                    "id": "MDRW1900000002.1.1.33",
                    "form": "작년에 8개월 나갔다왔자나 ㅎㅎ",
                    "original_form": "작년에 8개월 나갔다왔자나 ㅎㅎ",
                    "speaker_id": "2",
                    "time": "20191128 15:10"
                },
                {
                    "id": "MDRW1900000002.1.1.34",
                    "form": "진짜???어디어디????",
                    "original_form": "진짜???어디어디????",
                    "speaker_id": "1",
                    "time": "20191128 15:10"
                },
                {
                    "id": "MDRW1900000002.1.1.35",
                    "form": "17개국인가 18개국 갔다왔어",
                    "original_form": "17개국인가 18개국 갔다왔어",
                    "speaker_id": "2",
                    "time": "20191128 15:10"
                },
                {
                    "id": "MDRW1900000002.1.1.36",
                    "form": "와.....왠일로????",
                    "original_form": "와.....왠일로????",
                    "speaker_id": "1",
                    "time": "20191128 15:10"
                },
                {
                    "id": "MDRW1900000002.1.1.37",
                    "form": "누나가 직접?",
                    "original_form": "누나가 직접?",
                    "speaker_id": "1",
                    "time": "20191128 15:10"
                },
                {
                    "id": "MDRW1900000002.1.1.38",
                    "form": "아니면 뭐 패키지같은거야??",
                    "original_form": "아니면 뭐 패키지같은거야??",
                    "speaker_id": "1",
                    "time": "20191128 15:10"
                },
                {
                    "id": "MDRW1900000002.1.1.39",
                    "form": "볼리비아 페루 콜롬비아 베네수엘라 멕시코 쿠바 프랑스 영국 아이슬란드 포루투칼 스페인 모로코 이집트 요르단",
                    "original_form": "볼리비아 페루 콜롬비아 베네수엘라 멕시코 쿠바 프랑스 영국 아이슬란드 포루투칼 스페인 모로코 이집트 요르단",
                    "speaker_id": "2",
                    "time": "20191128 15:10"
                },
                {
                    "id": "MDRW1900000002.1.1.40",
                    "form": "아니 배낭여행 ㅋㅋㅋㅋㅋㅋ",
                    "original_form": "아니 배낭여행 ㅋㅋㅋㅋㅋㅋ",
                    "speaker_id": "2",
                    "time": "20191128 15:10"
                },
                {
                    "id": "MDRW1900000002.1.1.41",
                    "form": "혼자서?!??!",
                    "original_form": "혼자서?!??!",
                    "speaker_id": "1",
                    "time": "20191128 15:10"
                },
                {
                    "id": "MDRW1900000002.1.1.42",
                    "form": "와 뭔가 부럽다...ㅠㅠ",
                    "original_form": "와 뭔가 부럽다...ㅠㅠ",
                    "speaker_id": "1",
                    "time": "20191128 15:11"
                },
                {
                    "id": "MDRW1900000002.1.1.43",
                    "form": "웅ㅋㅋㅋㅋㅋ 공항이랑 버스터미널에서 자면서",
                    "original_form": "웅ㅋㅋㅋㅋㅋ 공항이랑 버스터미널에서 자면서",
                    "speaker_id": "2",
                    "time": "20191128 15:11"
                },
                {
                    "id": "MDRW1900000002.1.1.44",
                    "form": "여행했쥐",
                    "original_form": "여행했쥐",
                    "speaker_id": "2",
                    "time": "20191128 15:11"
                },
                {
                    "id": "MDRW1900000002.1.1.45",
                    "form": "나는 엄두도 못내겠던데....",
                    "original_form": "나는 엄두도 못내겠던데....",
                    "speaker_id": "1",
                    "time": "20191128 15:11"
                },
                {
                    "id": "MDRW1900000002.1.1.46",
                    "form": "진짜 신기하다 ㅋㅋㅋㅋㅋ나랑 뭔가 다른세계사람같앜ㅋㅋㅋㅋㅋ",
                    "original_form": "진짜 신기하다 ㅋㅋㅋㅋㅋ나랑 뭔가 다른세계사람같앜ㅋㅋㅋㅋㅋ",
                    "speaker_id": "1",
                    "time": "20191128 15:11"
                },
                {
                    "id": "MDRW1900000002.1.1.47",
                    "form": "지금까지 갔다온 나라 다합하면 30개국 될걸?",
                    "original_form": "지금까지 갔다온 나라 다합하면 30개국 될걸?",
                    "speaker_id": "2",
                    "time": "20191128 15:11"
                },
                {
                    "id": "MDRW1900000002.1.1.48",
                    "form": "앞으로 여행문의는 주지혜투어?",
                    "original_form": "앞으로 여행문의는 (주)지혜투어?",
                    "speaker_id": "1",
                    "time": "20191128 15:11"
                },
                {
                    "id": "MDRW1900000002.1.1.49",
                    "form": "예전에 한번 세어보니까 30개국에 100개 도시 넘게 갔다왔는데",
                    "original_form": "예전에 한번 세어보니까 30개국에 100개 도시 넘게 갔다왔는데",
                    "speaker_id": "2",
                    "time": "20191128 15:11"
                },
                {
                    "id": "MDRW1900000002.1.1.50",
                    "form": "앜ㅋㅋㅋㅋㅋㅋㅋㅋ",
                    "original_form": "앜ㅋㅋㅋㅋㅋㅋㅋㅋ",
                    "speaker_id": "2",
                    "time": "20191128 15:11"
                },
                {
                    "id": "MDRW1900000002.1.1.51",
                    "form": "티켓팅은 알아서^^",
                    "original_form": "티켓팅은 알아서^^",
                    "speaker_id": "2",
                    "time": "20191128 15:12"
                },
                {
                    "id": "MDRW1900000002.1.1.52",
                    "form": "ㅋㅋㅋㅋㅋㅋㅋㅋㅋㅋㅋㅋㅋ나는",
                    "original_form": "ㅋㅋㅋㅋㅋㅋㅋㅋㅋㅋㅋㅋㅋ나는",
                    "speaker_id": "1",
                    "time": "20191128 15:12"
                },
                {
                    "id": "MDRW1900000002.1.1.53",
                    "form": "뭔가 해외여행갈라치면",
                    "original_form": "뭔가 해외여행갈라치면",
                    "speaker_id": "1",
                    "time": "20191128 15:12"
                },
                {
                    "id": "MDRW1900000002.1.1.54",
                    "form": "여권부터시작해서 짐싸고 뭐하고 알아보고",
                    "original_form": "여권부터시작해서 짐싸고 뭐하고 알아보고",
                    "speaker_id": "1",
                    "time": "20191128 15:12"
                },
                {
                    "id": "MDRW1900000002.1.1.55",
                    "form": "이런게 눔 ㄱ ㅣ찮아서 ㅠㅠ",
                    "original_form": "이런게 눔 ㄱ ㅣ찮아서 ㅠㅠ",
                    "speaker_id": "1",
                    "time": "20191128 15:12"
                },
                {
                    "id": "MDRW1900000002.1.1.56",
                    "form": "차마...못하겟어....",
                    "original_form": "차마...못하겟어....",
                    "speaker_id": "1",
                    "time": "20191128 15:12"
                },
                {
                    "id": "MDRW1900000002.1.1.57",
                    "form": "누나처럼 장시간 여행가려면 하던것도",
                    "original_form": "누나처럼 장시간 여행가려면 하던것도",
                    "speaker_id": "1",
                    "time": "20191128 15:12"
                },
                {
                    "id": "MDRW1900000002.1.1.58",
                    "form": "ㅋㅋㅋㅋㅋㅋ",
                    "original_form": "ㅋㅋㅋㅋㅋㅋ",
                    "speaker_id": "2",
                    "time": "20191128 15:12"
                },
                {
                    "id": "MDRW1900000002.1.1.59",
                    "form": "다 손놓고 가야해서 ㅠ",
                    "original_form": "다 손놓고 가야해서  ㅠ",
                    "speaker_id": "1",
                    "time": "20191128 15:12"
                },
                {
                    "id": "MDRW1900000002.1.1.60",
                    "form": "어쩌다 가게되써",
                    "original_form": "어쩌다 가게되써",
                    "speaker_id": "1",
                    "time": "20191128 15:12"
                },
                {
                    "id": "MDRW1900000002.1.1.61",
                    "form": "그냥 별거 없어 국내랑 다를게 없는데.....ㅎㅎ",
                    "original_form": "그냥 별거 없어 국내랑 다를게 없는데.....ㅎㅎ",
                    "speaker_id": "2",
                    "time": "20191128 15:12"
                },
                {
                    "id": "MDRW1900000002.1.1.62",
                    "form": "ㅋㅋㅋㅋㅋㅋㅋ내가 집돌이라 그런걸수도 있겠다",
                    "original_form": "ㅋㅋㅋㅋㅋㅋㅋ내가 집돌이라 그런걸수도 있겠다",
                    "speaker_id": "1",
                    "time": "20191128 15:13"
                },
                {
                    "id": "MDRW1900000002.1.1.63",
                    "form": "ㅋㅋㅋㅋㅋ 으으 좀 나가라 넌 ㅋㅋㅋ",
                    "original_form": "ㅋㅋㅋㅋㅋ 으으 좀 나가라 넌 ㅋㅋㅋ",
                    "speaker_id": "2",
                    "time": "20191128 15:13"
                },
                {
                    "id": "MDRW1900000002.1.1.64",
                    "form": "돌아댕겨야지",
                    "original_form": "돌아댕겨야지",
                    "speaker_id": "2",
                    "time": "20191128 15:13"
                },
                {
                    "id": "MDRW1900000002.1.1.65",
                    "form": "헤헤...개춥...존춥...",
                    "original_form": "헤헤...개춥...존춥...",
                    "speaker_id": "1",
                    "time": "20191128 15:14"
                },
                {
                    "id": "MDRW1900000002.1.1.66",
                    "form": "추울때는 동남아가 최고야 ㅠㅠㅠ",
                    "original_form": "추울때는 동남아가 최고야 ㅠㅠㅠ",
                    "speaker_id": "2",
                    "time": "20191128 15:14"
                },
                {
                    "id": "MDRW1900000002.1.1.67",
                    "form": "나 택배 아져씨와서",
                    "original_form": "나 택배 아져씨와서",
                    "speaker_id": "2",
                    "time": "20191128 15:14"
                },
                {
                    "id": "MDRW1900000002.1.1.68",
                    "form": "ㅠㅠㅠㅠㅠㅠ",
                    "original_form": "ㅠㅠㅠㅠㅠㅠ",
                    "speaker_id": "2",
                    "time": "20191128 15:14"
                },
                {
                    "id": "MDRW1900000002.1.1.69",
                    "form": "이따 얘기하쟈",
                    "original_form": "이따 얘기하쟈",
                    "speaker_id": "2",
                    "time": "20191128 15:14"
                },
                {
                    "id": "MDRW1900000002.1.1.70",
                    "form": "ㅋㅋㅋㅋㅋㅋ언넝 맞이해",
                    "original_form": "ㅋㅋㅋㅋㅋㅋ언넝 맞이해",
                    "speaker_id": "1",
                    "time": "20191128 15:14"
                }
            ]
        }
    ]
}