{
    "id": "MDRW1900000003",
    "metadata": {
        "title": "국립국어원 메신저 말뭉치 MDRW1900000003",
        "creator": "국립국어원",
        "distributor": "국립국어원",
        "year": "2019",
        "category": "메신저 대화 > 2인 대화",
        "annotation_level": [
            "원시"
        ],
        "sampling": "참여자 모집 후 대화 수집"
    },
    "document": [
        {
            "id": "MDRW1900000003.1",
            "metadata": {
                "title": "메신저 대화",
                "author": "개인 대화 참여자",
                "publisher": "카카오톡",
                "date": "20191219",
                "topic": "일과 직업 (취업, 스펙, 업무, 급여, 회의)",
                "speaker": [
                    {
                        "id": "1",
                        "age": "20대",
                        "occupation": "군인",
                        "sex": "남성",
                        "birthplace": "경기",
                        "pricipal_residence": "경기",
                        "current_residence": "경기",
                        "device": "스마트폰",
                        "keyboard": "2벌식(쿼티)"
                    },
                    {
                        "id": "2",
                        "age": "20대",
                        "occupation": "전문가 및 관련 종사자",
                        "sex": "여성",
                        "birthplace": "서울",
                        "pricipal_residence": "서울",
                        "current_residence": "서울",
                        "device": "스마트폰",
                        "keyboard": "2벌식(쿼티)"
                    }
                ],
                "setting": {
                    "relation": "기타 : 그 외 사회적 관계",
                    "intimacy": 4,
                    "contact_frequency": "주 3회 이상"
                }
            },
            "utterance": [
                {
                    "id": "MDRW1900000003.1.1.1",
                    "form": "누나 뭐해? 아직 일중?",
                    "original_form": "누나 뭐해? 아직 일중?",
                    "speaker_id": "1",
                    "time": "20191128 16:22"
                },
                {
                    "id": "MDRW1900000003.1.1.2",
                    "form": "앗 name1야안녕^^",
                    "original_form": "앗 &name1&야안녕^^",
                    "speaker_id": "2",
                    "time": "20191128 16:22"
                },
                {
                    "id": "MDRW1900000003.1.1.3",
                    "form": "무슨일이니^^?",
                    "original_form": "무슨일이니^^?",
                    "speaker_id": "2",
                    "time": "20191128 16:22"
                },
                {
                    "id": "MDRW1900000003.1.1.4",
                    "form": "정말 오랜만이다.",
                    "original_form": "정말 오랜만이다.",
                    "speaker_id": "2",
                    "time": "20191128 16:22"
                },
                {
                    "id": "MDRW1900000003.1.1.5",
                    "form": "ㅋㅋㅋㅋ퇴근하기전에",
                    "original_form": "ㅋㅋㅋㅋ퇴근하기전에",
                    "speaker_id": "1",
                    "time": "20191128 16:22"
                },
                {
                    "id": "MDRW1900000003.1.1.6",
                    "form": "시간남아서 카톡했지 ^^7",
                    "original_form": "시간남아서 카톡했지 ^^7",
                    "speaker_id": "1",
                    "time": "20191128 16:22"
                },
                {
                    "id": "MDRW1900000003.1.1.7",
                    "form": "퇴근이 몇신데?",
                    "original_form": "퇴근이 몇신데?",
                    "speaker_id": "2",
                    "time": "20191128 16:23"
                },
                {
                    "id": "MDRW1900000003.1.1.8",
                    "form": "나는 일하기싫다",
                    "original_form": "나는 일하기싫다",
                    "speaker_id": "2",
                    "time": "20191128 16:23"
                },
                {
                    "id": "MDRW1900000003.1.1.9",
                    "form": "나도 퇴근하고싶다",
                    "original_form": "나도 퇴근하고싶다",
                    "speaker_id": "2",
                    "time": "20191128 16:23"
                },
                {
                    "id": "MDRW1900000003.1.1.10",
                    "form": "진정해 나도 퇴근하고싶다",
                    "original_form": "진정해 나도 퇴근하고싶다",
                    "speaker_id": "1",
                    "time": "20191128 16:23"
                },
                {
                    "id": "MDRW1900000003.1.1.11",
                    "form": "같이 일하는 실무사가 있는데",
                    "original_form": "같이 일하는 실무사가 있는데",
                    "speaker_id": "1",
                    "time": "20191128 16:24"
                },
                {
                    "id": "MDRW1900000003.1.1.12",
                    "form": "그렇구나",
                    "original_form": "그렇구나",
                    "speaker_id": "2",
                    "time": "20191128 16:24"
                },
                {
                    "id": "MDRW1900000003.1.1.13",
                    "form": "자꾸 나한테 쓸데없는 말시켜..",
                    "original_form": "자꾸 나한테 쓸데없는 말시켜..",
                    "speaker_id": "1",
                    "time": "20191128 16:24"
                },
                {
                    "id": "MDRW1900000003.1.1.14",
                    "form": "힘내",
                    "original_form": "힘내",
                    "speaker_id": "2",
                    "time": "20191128 16:24"
                },
                {
                    "id": "MDRW1900000003.1.1.15",
                    "form": "저런..",
                    "original_form": "저런..",
                    "speaker_id": "2",
                    "time": "20191128 16:24"
                },
                {
                    "id": "MDRW1900000003.1.1.16",
                    "form": "나도 사수가",
                    "original_form": "나도 사수가",
                    "speaker_id": "2",
                    "time": "20191128 16:24"
                },
                {
                    "id": "MDRW1900000003.1.1.17",
                    "form": "쓸데없는걸로 화내서",
                    "original_form": "쓸데없는걸로 화내서",
                    "speaker_id": "2",
                    "time": "20191128 16:24"
                },
                {
                    "id": "MDRW1900000003.1.1.18",
                    "form": "뭘로 화내는데?ㅡㅡ",
                    "original_form": "뭘로 화내는데?ㅡㅡ",
                    "speaker_id": "1",
                    "time": "20191128 16:24"
                },
                {
                    "id": "MDRW1900000003.1.1.19",
                    "form": "그냥 일을안가르쳐주고",
                    "original_form": "그냥 일을안가르쳐주고",
                    "speaker_id": "2",
                    "time": "20191128 16:25"
                },
                {
                    "id": "MDRW1900000003.1.1.20",
                    "form": "왜모르냐고 화내서..",
                    "original_form": "왜모르냐고 화내서..",
                    "speaker_id": "2",
                    "time": "20191128 16:25"
                },
                {
                    "id": "MDRW1900000003.1.1.21",
                    "form": "웅웅",
                    "original_form": "웅웅",
                    "speaker_id": "1",
                    "time": "20191128 16:25"
                },
                {
                    "id": "MDRW1900000003.1.1.22",
                    "form": "너무 속상해",
                    "original_form": "너무 속상해",
                    "speaker_id": "2",
                    "time": "20191128 16:25"
                },
                {
                    "id": "MDRW1900000003.1.1.23",
                    "form": "아니 왜그런데 대체?",
                    "original_form": "아니 왜그런데 대체?",
                    "speaker_id": "1",
                    "time": "20191128 16:25"
                },
                {
                    "id": "MDRW1900000003.1.1.24",
                    "form": "그래도 열심해야지",
                    "original_form": "그래도 열심해야지",
                    "speaker_id": "2",
                    "time": "20191128 16:25"
                },
                {
                    "id": "MDRW1900000003.1.1.25",
                    "form": "돈이없으면 나도없으니가",
                    "original_form": "돈이없으면 나도없으니가",
                    "speaker_id": "2",
                    "time": "20191128 16:25"
                },
                {
                    "id": "MDRW1900000003.1.1.26",
                    "form": "에휴",
                    "original_form": "에휴",
                    "speaker_id": "2",
                    "time": "20191128 16:25"
                },
                {
                    "id": "MDRW1900000003.1.1.27",
                    "form": "ㅋㅋㅋㅋㅋㅋㅋㅋㅋㅋㅋㅋㅋㅋㅋㅋㅋㅋㅋ",
                    "original_form": "ㅋㅋㅋㅋㅋㅋㅋㅋㅋㅋㅋㅋㅋㅋㅋㅋㅋㅋㅋ",
                    "speaker_id": "1",
                    "time": "20191128 16:25"
                },
                {
                    "id": "MDRW1900000003.1.1.28",
                    "form": "나도 우리 관리자분한테",
                    "original_form": "나도 우리 관리자분한테",
                    "speaker_id": "1",
                    "time": "20191128 16:25"
                },
                {
                    "id": "MDRW1900000003.1.1.29",
                    "form": "맨날 알랑방구 꾸ㅣ는걸^^...",
                    "original_form": "맨날 알랑방구 꾸ㅣ는걸^^...",
                    "speaker_id": "1",
                    "time": "20191128 16:26"
                },
                {
                    "id": "MDRW1900000003.1.1.30",
                    "form": "나부르면 쪼르르 달려가서 네?^^",
                    "original_form": "나부르면 쪼르르 달려가서 네?^^",
                    "speaker_id": "1",
                    "time": "20191128 16:26"
                },
                {
                    "id": "MDRW1900000003.1.1.31",
                    "form": "와 너",
                    "original_form": "와 너",
                    "speaker_id": "2",
                    "time": "20191128 16:26"
                },
                {
                    "id": "MDRW1900000003.1.1.32",
                    "form": "예전에도 방귀뿡뿡뀌더니",
                    "original_form": "예전에도 방귀뿡뿡뀌더니",
                    "speaker_id": "2",
                    "time": "20191128 16:26"
                },
                {
                    "id": "MDRW1900000003.1.1.33",
                    "form": "지금도 잘뀌나보네",
                    "original_form": "지금도 잘뀌나보네",
                    "speaker_id": "2",
                    "time": "20191128 16:26"
                },
                {
                    "id": "MDRW1900000003.1.1.34",
                    "form": "내가 한방귀 뀌지 또 ㅎ",
                    "original_form": "내가 한방귀 뀌지 또 ㅎ",
                    "speaker_id": "1",
                    "time": "20191128 16:26"
                },
                {
                    "id": "MDRW1900000003.1.1.35",
                    "form": "그래서 널싫어하는거아니야?",
                    "original_form": "그래서 널싫어하는거아니야?",
                    "speaker_id": "2",
                    "time": "20191128 16:26"
                },
                {
                    "id": "MDRW1900000003.1.1.36",
                    "form": "너 방귀냄새",
                    "original_form": "너 방귀냄새",
                    "speaker_id": "2",
                    "time": "20191128 16:27"
                },
                {
                    "id": "MDRW1900000003.1.1.37",
                    "form": "솔직히 토나와.",
                    "original_form": "솔직히 토나와.",
                    "speaker_id": "2",
                    "time": "20191128 16:27"
                },
                {
                    "id": "MDRW1900000003.1.1.38",
                    "form": "ㅋㅋㅋㅋㅋㅋㅋㅋㅋㅋㅋㅋㅋㅋ아니 그게아니잖아",
                    "original_form": "ㅋㅋㅋㅋㅋㅋㅋㅋㅋㅋㅋㅋㅋㅋ아니 그게아니잖아",
                    "speaker_id": "1",
                    "time": "20191128 16:27"
                },
                {
                    "id": "MDRW1900000003.1.1.39",
                    "form": "요즘",
                    "original_form": "요즘",
                    "speaker_id": "1",
                    "time": "20191128 16:27"
                },
                {
                    "id": "MDRW1900000003.1.1.40",
                    "form": "일은 어떻게 할만하슈?",
                    "original_form": "일은 어떻게 할만하슈?",
                    "speaker_id": "1",
                    "time": "20191128 16:27"
                },
                {
                    "id": "MDRW1900000003.1.1.41",
                    "form": "방귀좀 자제하자",
                    "original_form": "방귀좀 자제하자",
                    "speaker_id": "2",
                    "time": "20191128 16:27"
                },
                {
                    "id": "MDRW1900000003.1.1.42",
                    "form": "일은뭐",
                    "original_form": "일은뭐",
                    "speaker_id": "2",
                    "time": "20191128 16:27"
                },
                {
                    "id": "MDRW1900000003.1.1.43",
                    "form": "네..자제토록 하겠습니다..",
                    "original_form": "네..자제토록 하겠습니다..",
                    "speaker_id": "1",
                    "time": "20191128 16:28"
                },
                {
                    "id": "MDRW1900000003.1.1.44",
                    "form": "할만하지",
                    "original_form": "할만하지",
                    "speaker_id": "2",
                    "time": "20191128 16:28"
                },
                {
                    "id": "MDRW1900000003.1.1.45",
                    "form": "누나가 뭔일 했었지",
                    "original_form": "누나가 뭔일 했었지",
                    "speaker_id": "1",
                    "time": "20191128 16:28"
                },
                {
                    "id": "MDRW1900000003.1.1.46",
                    "form": "컴퓨터가 너무 낡아서",
                    "original_form": "컴퓨터가 너무 낡아서",
                    "speaker_id": "2",
                    "time": "20191128 16:28"
                },
                {
                    "id": "MDRW1900000003.1.1.47",
                    "form": "부시고싶은거빼곤",
                    "original_form": "부시고싶은거빼곤",
                    "speaker_id": "2",
                    "time": "20191128 16:28"
                },
                {
                    "id": "MDRW1900000003.1.1.48",
                    "form": "ㅋㅋㅋㅋㅋㅋㅋㅋㅋㅋㅋㅋ응",
                    "original_form": "ㅋㅋㅋㅋㅋㅋㅋㅋㅋㅋㅋㅋ응",
                    "speaker_id": "1",
                    "time": "20191128 16:28"
                },
                {
                    "id": "MDRW1900000003.1.1.49",
                    "form": "괜찮아",
                    "original_form": "괜찮아",
                    "speaker_id": "2",
                    "time": "20191128 16:28"
                },
                {
                    "id": "MDRW1900000003.1.1.50",
                    "form": "ㅋㅋㅋㅋㅋㅋ왜안바꿔줘?",
                    "original_form": "ㅋㅋㅋㅋㅋㅋ왜안바꿔줘?",
                    "speaker_id": "1",
                    "time": "20191128 16:28"
                },
                {
                    "id": "MDRW1900000003.1.1.51",
                    "form": "총무과에 방귀뀌고와",
                    "original_form": "총무과에 방귀뀌고와",
                    "speaker_id": "1",
                    "time": "20191128 16:28"
                },
                {
                    "id": "MDRW1900000003.1.1.52",
                    "form": "웅 회사가 나보다 돈이없나봐",
                    "original_form": "웅 회사가 나보다 돈이없나봐",
                    "speaker_id": "2",
                    "time": "20191128 16:28"
                },
                {
                    "id": "MDRW1900000003.1.1.53",
                    "form": "저런것도 컴퓨터라고",
                    "original_form": "저런것도 컴퓨터라고",
                    "speaker_id": "2",
                    "time": "20191128 16:28"
                },
                {
                    "id": "MDRW1900000003.1.1.54",
                    "form": "쓰라고하는것보니^^",
                    "original_form": "쓰라고하는것보니^^",
                    "speaker_id": "2",
                    "time": "20191128 16:28"
                },
                {
                    "id": "MDRW1900000003.1.1.55",
                    "form": "ㅋㅋㅋㅋㅋㅋㅋㅋㅋㅋㅋ",
                    "original_form": "ㅋㅋㅋㅋㅋㅋㅋㅋㅋㅋㅋ",
                    "speaker_id": "1",
                    "time": "20191128 16:28"
                },
                {
                    "id": "MDRW1900000003.1.1.56",
                    "form": "근무시간에",
                    "original_form": "근무시간에",
                    "speaker_id": "1",
                    "time": "20191128 16:28"
                },
                {
                    "id": "MDRW1900000003.1.1.57",
                    "form": "겜하는거아님?",
                    "original_form": "겜하는거아님?",
                    "speaker_id": "1",
                    "time": "20191128 16:28"
                },
                {
                    "id": "MDRW1900000003.1.1.58",
                    "form": "근무시간에 주식해",
                    "original_form": "근무시간에 주식해",
                    "speaker_id": "2",
                    "time": "20191128 16:29"
                },
                {
                    "id": "MDRW1900000003.1.1.59",
                    "form": "요즘",
                    "original_form": "요즘",
                    "speaker_id": "2",
                    "time": "20191128 16:29"
                },
                {
                    "id": "MDRW1900000003.1.1.60",
                    "form": "난 주식망했어",
                    "original_form": "난 주식망했어",
                    "speaker_id": "1",
                    "time": "20191128 16:29"
                },
                {
                    "id": "MDRW1900000003.1.1.61",
                    "form": "어떡해...?",
                    "original_form": "어떡해...?",
                    "speaker_id": "1",
                    "time": "20191128 16:29"
                },
                {
                    "id": "MDRW1900000003.1.1.62",
                    "form": "왜?",
                    "original_form": "왜?",
                    "speaker_id": "2",
                    "time": "20191128 16:29"
                },
                {
                    "id": "MDRW1900000003.1.1.63",
                    "form": "왜망했어",
                    "original_form": "왜망했어",
                    "speaker_id": "2",
                    "time": "20191128 16:29"
                },
                {
                    "id": "MDRW1900000003.1.1.64",
                    "form": "하긴 일하면서",
                    "original_form": "하긴 일하면서",
                    "speaker_id": "2",
                    "time": "20191128 16:29"
                },
                {
                    "id": "MDRW1900000003.1.1.65",
                    "form": "그냥 어쩌다보니.........직장도 때려치고싶다^^",
                    "original_form": "그냥 어쩌다보니.........직장도 때려치고싶다^^",
                    "speaker_id": "1",
                    "time": "20191128 16:29"
                },
                {
                    "id": "MDRW1900000003.1.1.66",
                    "form": "주식하니까 망하지",
                    "original_form": "주식하니까 망하지",
                    "speaker_id": "2",
                    "time": "20191128 16:29"
                },
                {
                    "id": "MDRW1900000003.1.1.67",
                    "form": "우리둘다 월급루팡하지말고",
                    "original_form": "우리둘다 월급루팡하지말고",
                    "speaker_id": "2",
                    "time": "20191128 16:29"
                },
                {
                    "id": "MDRW1900000003.1.1.68",
                    "form": "열심히하자",
                    "original_form": "열심히하자",
                    "speaker_id": "2",
                    "time": "20191128 16:30"
                },
                {
                    "id": "MDRW1900000003.1.1.69",
                    "form": "ㅋㅋㅋㅋㅋㅋㅋㅋㅋㅋㅋㅋㅋㅋ",
                    "original_form": "ㅋㅋㅋㅋㅋㅋㅋㅋㅋㅋㅋㅋㅋㅋ",
                    "speaker_id": "1",
                    "time": "20191128 16:30"
                },
                {
                    "id": "MDRW1900000003.1.1.70",
                    "form": "월급루팡은 생명이지",
                    "original_form": "월급루팡은 생명이지",
                    "speaker_id": "1",
                    "time": "20191128 16:30"
                },
                {
                    "id": "MDRW1900000003.1.1.71",
                    "form": "그치",
                    "original_form": "그치",
                    "speaker_id": "2",
                    "time": "20191128 16:30"
                },
                {
                    "id": "MDRW1900000003.1.1.72",
                    "form": "5시 퇴근까지",
                    "original_form": "5시 퇴근까지",
                    "speaker_id": "1",
                    "time": "20191128 16:30"
                },
                {
                    "id": "MDRW1900000003.1.1.73",
                    "form": "30분남았다...",
                    "original_form": "30분남았다...",
                    "speaker_id": "1",
                    "time": "20191128 16:30"
                },
                {
                    "id": "MDRW1900000003.1.1.74",
                    "form": "오 축하해",
                    "original_form": "오 축하해",
                    "speaker_id": "2",
                    "time": "20191128 16:30"
                },
                {
                    "id": "MDRW1900000003.1.1.75",
                    "form": "하....나 마무리하러간다",
                    "original_form": "하....나 마무리하러간다",
                    "speaker_id": "1",
                    "time": "20191128 16:30"
                },
                {
                    "id": "MDRW1900000003.1.1.76",
                    "form": "수고해",
                    "original_form": "수고해",
                    "speaker_id": "1",
                    "time": "20191128 16:30"
                },
                {
                    "id": "MDRW1900000003.1.1.77",
                    "form": "그래",
                    "original_form": "그래",
                    "speaker_id": "2",
                    "time": "20191128 16:30"
                },
                {
                    "id": "MDRW1900000003.1.1.78",
                    "form": "다음에 밥한끼하자",
                    "original_form": "다음에 밥한끼하자",
                    "speaker_id": "2",
                    "time": "20191128 16:31"
                },
                {
                    "id": "MDRW1900000003.1.1.79",
                    "form": "오키오키",
                    "original_form": "오키오키",
                    "speaker_id": "1",
                    "time": "20191128 16:31"
                }
            ]
        }
    ]
}