{
    "id": "MDRW1900000010",
    "metadata": {
        "title": "국립국어원 메신저 말뭉치 MDRW1900000010",
        "creator": "국립국어원",
        "distributor": "국립국어원",
        "year": "2019",
        "category": "메신저 대화 > 2인 대화",
        "annotation_level": [
            "원시"
        ],
        "sampling": "참여자 모집 후 대화 수집"
    },
    "document": [
        {
            "id": "MDRW1900000010.1",
            "metadata": {
                "title": "메신저 대화",
                "author": "개인 대화 참여자",
                "publisher": "카카오톡",
                "date": "20191219",
                "topic": "주거와 생활 (집안일, 육아, 부동산, 경제 활동, 생활 정보)",
                "speaker": [
                    {
                        "id": "1",
                        "age": "30대",
                        "occupation": "전문가 및 관련 종사자",
                        "sex": "여성",
                        "birthplace": "울산",
                        "pricipal_residence": "부산",
                        "current_residence": "부산",
                        "device": "스마트폰",
                        "keyboard": "천지인"
                    },
                    {
                        "id": "2",
                        "age": "30대",
                        "occupation": "전문가 및 관련 종사자",
                        "sex": "남성",
                        "birthplace": "부산",
                        "pricipal_residence": "부산",
                        "current_residence": "부산",
                        "device": "스마트폰",
                        "keyboard": "천지인"
                    }
                ],
                "setting": {
                    "relation": "가족 : 부부",
                    "intimacy": 5,
                    "contact_frequency": "거의 매일"
                }
            },
            "utterance": [
                {
                    "id": "MDRW1900000010.1.1.1",
                    "form": "자기! 애들 잔다!",
                    "original_form": "자기! 애들 잔다!",
                    "speaker_id": "1",
                    "time": "20191128 21:12"
                },
                {
                    "id": "MDRW1900000010.1.1.2",
                    "form": "name3이 크리스마스선물고르자!",
                    "original_form": "&name3&이 크리스마스선물고르자!",
                    "speaker_id": "1",
                    "time": "20191128 21:12"
                },
                {
                    "id": "MDRW1900000010.1.1.3",
                    "form": "오늘은일찍자네ㅋ",
                    "original_form": "오늘은일찍자네ㅋ",
                    "speaker_id": "2",
                    "time": "20191128 21:12"
                },
                {
                    "id": "MDRW1900000010.1.1.4",
                    "form": "뭐사주지",
                    "original_form": "뭐사주지",
                    "speaker_id": "2",
                    "time": "20191128 21:12"
                },
                {
                    "id": "MDRW1900000010.1.1.5",
                    "form": "응응 간만에 일찍잔다진짜ㅋㅋ",
                    "original_form": "응응 간만에 일찍잔다진짜ㅋㅋ",
                    "speaker_id": "1",
                    "time": "20191128 21:12"
                },
                {
                    "id": "MDRW1900000010.1.1.6",
                    "form": "내가 여러가지 찾아봤어",
                    "original_form": "내가 여러가지 찾아봤어",
                    "speaker_id": "1",
                    "time": "20191128 21:12"
                },
                {
                    "id": "MDRW1900000010.1.1.7",
                    "form": "에어바운스는 내가 쏨",
                    "original_form": "에어바운스는 내가 쏨",
                    "speaker_id": "2",
                    "time": "20191128 21:12"
                },
                {
                    "id": "MDRW1900000010.1.1.8",
                    "form": "1. 물고기비누 2종류\n2. 거북이물놀이장난감\n3. 움직이는 물고기장난감",
                    "original_form": "1. 물고기비누 2종류\n2. 거북이물놀이장난감\n3.  움직이는 물고기장난감",
                    "speaker_id": "1",
                    "time": "20191128 21:13"
                },
                {
                    "id": "MDRW1900000010.1.1.9",
                    "form": "4. led장난감",
                    "original_form": "4. led장난감",
                    "speaker_id": "1",
                    "time": "20191128 21:13"
                },
                {
                    "id": "MDRW1900000010.1.1.10",
                    "form": "5. 물구멍없는 오리장난감",
                    "original_form": "5. 물구멍없는 오리장난감",
                    "speaker_id": "1",
                    "time": "20191128 21:13"
                },
                {
                    "id": "MDRW1900000010.1.1.11",
                    "form": "123 다사면안되나?",
                    "original_form": "123 다사면안되나?",
                    "speaker_id": "2",
                    "time": "20191128 21:13"
                },
                {
                    "id": "MDRW1900000010.1.1.12",
                    "form": "6. 움직이늑 상어가족",
                    "original_form": "6. 움직이늑 상어가족",
                    "speaker_id": "1",
                    "time": "20191128 21:13"
                },
                {
                    "id": "MDRW1900000010.1.1.13",
                    "form": "led장난감 화려하네ㅋ",
                    "original_form": "led장난감 화려하네ㅋ",
                    "speaker_id": "2",
                    "time": "20191128 21:14"
                },
                {
                    "id": "MDRW1900000010.1.1.14",
                    "form": "진짜많이찾아봤지?",
                    "original_form": "진짜많이찾아봤지?",
                    "speaker_id": "1",
                    "time": "20191128 21:14"
                },
                {
                    "id": "MDRW1900000010.1.1.15",
                    "form": "ㅋㅋ고생했네ㅋ",
                    "original_form": "ㅋㅋ고생했네ㅋ",
                    "speaker_id": "2",
                    "time": "20191128 21:14"
                },
                {
                    "id": "MDRW1900000010.1.1.16",
                    "form": "얼마나 사줘야할지..",
                    "original_form": "얼마나 사줘야할지..",
                    "speaker_id": "1",
                    "time": "20191128 21:14"
                },
                {
                    "id": "MDRW1900000010.1.1.17",
                    "form": "눈아프겠다ㅜ",
                    "original_form": "눈아프겠다ㅜ",
                    "speaker_id": "2",
                    "time": "20191128 21:14"
                },
                {
                    "id": "MDRW1900000010.1.1.18",
                    "form": "지난번에는 다컸잖아",
                    "original_form": "지난번에는 다컸잖아",
                    "speaker_id": "1",
                    "time": "20191128 21:14"
                },
                {
                    "id": "MDRW1900000010.1.1.19",
                    "form": "아! 하나더있다",
                    "original_form": "아!  하나더있다",
                    "speaker_id": "1",
                    "time": "20191128 21:14"
                },
                {
                    "id": "MDRW1900000010.1.1.20",
                    "form": "거품 뿜는꽃개ㅋㅋㅋ",
                    "original_form": "거품 뿜는꽃개ㅋㅋㅋ",
                    "speaker_id": "1",
                    "time": "20191128 21:15"
                },
                {
                    "id": "MDRW1900000010.1.1.21",
                    "form": "저거다해도 내 에어바운스보다쌈ㅎㅎ",
                    "original_form": "저거다해도 내 에어바운스보다쌈ㅎㅎ",
                    "speaker_id": "2",
                    "time": "20191128 21:15"
                },
                {
                    "id": "MDRW1900000010.1.1.22",
                    "form": "꽃게",
                    "original_form": "꽃게",
                    "speaker_id": "1",
                    "time": "20191128 21:15"
                },
                {
                    "id": "MDRW1900000010.1.1.23",
                    "form": "ㅋㅋㅋㅋㅋ",
                    "original_form": "ㅋㅋㅋㅋㅋ",
                    "speaker_id": "1",
                    "time": "20191128 21:15"
                },
                {
                    "id": "MDRW1900000010.1.1.24",
                    "form": "맞네ㅋㅋㅋ",
                    "original_form": "맞네ㅋㅋㅋ",
                    "speaker_id": "1",
                    "time": "20191128 21:15"
                },
                {
                    "id": "MDRW1900000010.1.1.25",
                    "form": "ㅋㅋㅋ다해줘ㅋㅋ",
                    "original_form": "ㅋㅋㅋ다해줘ㅋㅋ",
                    "speaker_id": "2",
                    "time": "20191128 21:15"
                },
                {
                    "id": "MDRW1900000010.1.1.26",
                    "form": "아니야 62000원은 넘을거야",
                    "original_form": "아니야 62000원은 넘을거야",
                    "speaker_id": "1",
                    "time": "20191128 21:15"
                },
                {
                    "id": "MDRW1900000010.1.1.27",
                    "form": "그까이꺼",
                    "original_form": "그까이꺼",
                    "speaker_id": "2",
                    "time": "20191128 21:15"
                },
                {
                    "id": "MDRW1900000010.1.1.28",
                    "form": "크기가 커야 애들이 신날텐데",
                    "original_form": "크기가 커야 애들이 신날텐데",
                    "speaker_id": "1",
                    "time": "20191128 21:15"
                },
                {
                    "id": "MDRW1900000010.1.1.29",
                    "form": "엄청 큰박스 안에 저걸 여러개로 하면",
                    "original_form": "엄청 큰박스 안에 저걸 여러개로 하면",
                    "speaker_id": "1",
                    "time": "20191128 21:15"
                },
                {
                    "id": "MDRW1900000010.1.1.30",
                    "form": "자기는 계속 나오겠네 선물이ㅋㅋ",
                    "original_form": "자기는 계속 나오겠네 선물이ㅋㅋ",
                    "speaker_id": "2",
                    "time": "20191128 21:15"
                },
                {
                    "id": "MDRW1900000010.1.1.31",
                    "form": "name3이가 담에도 여러개해달라고할듯..",
                    "original_form": "&name3&이가 담에도 여러개해달라고할듯..",
                    "speaker_id": "1",
                    "time": "20191128 21:15"
                },
                {
                    "id": "MDRW1900000010.1.1.32",
                    "form": "산타선물이잖아",
                    "original_form": "산타선물이잖아",
                    "speaker_id": "1",
                    "time": "20191128 21:16"
                },
                {
                    "id": "MDRW1900000010.1.1.33",
                    "form": "name3가 좋아하겠다ㅋㅋ",
                    "original_form": "&name3&가 좋아하겠다ㅋㅋ",
                    "speaker_id": "2",
                    "time": "20191128 21:16"
                },
                {
                    "id": "MDRW1900000010.1.1.34",
                    "form": "산타할아버지가 주는선물인데?",
                    "original_form": "산타할아버지가 주는선물인데?",
                    "speaker_id": "1",
                    "time": "20191128 21:16"
                },
                {
                    "id": "MDRW1900000010.1.1.35",
                    "form": "양 말에넣어둬ㅋ",
                    "original_form": "양 말에넣어둬ㅋ",
                    "speaker_id": "2",
                    "time": "20191128 21:16"
                },
                {
                    "id": "MDRW1900000010.1.1.36",
                    "form": "아!",
                    "original_form": "아!",
                    "speaker_id": "1",
                    "time": "20191128 21:16"
                },
                {
                    "id": "MDRW1900000010.1.1.37",
                    "form": "그래서 양말도 찾아봤지ㅋㅋ",
                    "original_form": "그래서 양말도 찾아봤지ㅋㅋ",
                    "speaker_id": "1",
                    "time": "20191128 21:16"
                },
                {
                    "id": "MDRW1900000010.1.1.38",
                    "form": "와~ㅋㅋ",
                    "original_form": "와~ㅋㅋ",
                    "speaker_id": "2",
                    "time": "20191128 21:16"
                },
                {
                    "id": "MDRW1900000010.1.1.39",
                    "form": "그양말안에 들어가면 좋을거같아",
                    "original_form": "그양말안에 들어가면 좋을거같아",
                    "speaker_id": "1",
                    "time": "20191128 21:16"
                },
                {
                    "id": "MDRW1900000010.1.1.40",
                    "form": "수면양말은?",
                    "original_form": "수면양말은?",
                    "speaker_id": "2",
                    "time": "20191128 21:16"
                },
                {
                    "id": "MDRW1900000010.1.1.41",
                    "form": "응? 뭔수면양말?",
                    "original_form": "응? 뭔수면양말?",
                    "speaker_id": "1",
                    "time": "20191128 21:17"
                },
                {
                    "id": "MDRW1900000010.1.1.42",
                    "form": "다이소에 이쁜 선물들어가는양말있더라",
                    "original_form": "다이소에 이쁜 선물들어가는양말있더라",
                    "speaker_id": "1",
                    "time": "20191128 21:17"
                },
                {
                    "id": "MDRW1900000010.1.1.43",
                    "form": "거기에넣으면안되나?",
                    "original_form": "거기에넣으면안되나?",
                    "speaker_id": "2",
                    "time": "20191128 21:17"
                },
                {
                    "id": "MDRW1900000010.1.1.44",
                    "form": "아항ㅎㅎ",
                    "original_form": "아항ㅎㅎ",
                    "speaker_id": "2",
                    "time": "20191128 21:17"
                },
                {
                    "id": "MDRW1900000010.1.1.45",
                    "form": "산타 어째",
                    "original_form": "산타 어째",
                    "speaker_id": "2",
                    "time": "20191128 21:17"
                },
                {
                    "id": "MDRW1900000010.1.1.46",
                    "form": "산타..",
                    "original_form": "산타..",
                    "speaker_id": "1",
                    "time": "20191128 21:17"
                },
                {
                    "id": "MDRW1900000010.1.1.47",
                    "form": "일단 패딩을 입고",
                    "original_form": "일단 패딩을 입고",
                    "speaker_id": "1",
                    "time": "20191128 21:17"
                },
                {
                    "id": "MDRW1900000010.1.1.48",
                    "form": "위에 산타옷읩구",
                    "original_form": "위에 산타옷읩구",
                    "speaker_id": "1",
                    "time": "20191128 21:18"
                },
                {
                    "id": "MDRW1900000010.1.1.49",
                    "form": "내가하다걸 리면어째",
                    "original_form": "내가하다걸 리면어째",
                    "speaker_id": "2",
                    "time": "20191128 21:18"
                },
                {
                    "id": "MDRW1900000010.1.1.50",
                    "form": "선글라스랑",
                    "original_form": "선글라스랑",
                    "speaker_id": "1",
                    "time": "20191128 21:18"
                },
                {
                    "id": "MDRW1900000010.1.1.51",
                    "form": "신발도 다른거신고",
                    "original_form": "신발도 다른거신고",
                    "speaker_id": "1",
                    "time": "20191128 21:18"
                },
                {
                    "id": "MDRW1900000010.1.1.52",
                    "form": "걸리면 그땐 끝이다",
                    "original_form": "걸리면 그땐 끝이다",
                    "speaker_id": "2",
                    "time": "20191128 21:18"
                },
                {
                    "id": "MDRW1900000010.1.1.53",
                    "form": "수염도 엄청 크게하고",
                    "original_form": "수염도 엄청 크게하고",
                    "speaker_id": "1",
                    "time": "20191128 21:18"
                },
                {
                    "id": "MDRW1900000010.1.1.54",
                    "form": "산타없어 ㅜ",
                    "original_form": "산타없어 ㅜ",
                    "speaker_id": "2",
                    "time": "20191128 21:18"
                },
                {
                    "id": "MDRW1900000010.1.1.55",
                    "form": "걸리면안되는데...",
                    "original_form": "걸리면안되는데...",
                    "speaker_id": "1",
                    "time": "20191128 21:18"
                },
                {
                    "id": "MDRW1900000010.1.1.56",
                    "form": "근데 아주 정신이 나가지 않을까?",
                    "original_form": "근데 아주 정신이 나가지 않을까?",
                    "speaker_id": "1",
                    "time": "20191128 21:18"
                },
                {
                    "id": "MDRW1900000010.1.1.57",
                    "form": "산타왔다구하면?",
                    "original_form": "산타왔다구하면?",
                    "speaker_id": "1",
                    "time": "20191128 21:18"
                },
                {
                    "id": "MDRW1900000010.1.1.58",
                    "form": "흠. . .잘못하면 동심파과ㅜ ㅜ",
                    "original_form": "흠. . .잘못하면 동심파과ㅜ ㅜ",
                    "speaker_id": "2",
                    "time": "20191128 21:19"
                },
                {
                    "id": "MDRW1900000010.1.1.59",
                    "form": "안되는데..",
                    "original_form": "안되는데..",
                    "speaker_id": "1",
                    "time": "20191128 21:19"
                },
                {
                    "id": "MDRW1900000010.1.1.60",
                    "form": "이런거 긴장하는데ㅋㄲ 쿠",
                    "original_form": "이런거 긴장하는데ㅋㄲ 쿠",
                    "speaker_id": "2",
                    "time": "20191128 21:19"
                },
                {
                    "id": "MDRW1900000010.1.1.61",
                    "form": "그래도 우리아이한테 해주는거니까",
                    "original_form": "그래도 우리아이한테 해주는거니까",
                    "speaker_id": "1",
                    "time": "20191128 21:19"
                },
                {
                    "id": "MDRW1900000010.1.1.62",
                    "form": "좋지않아?ㅎ",
                    "original_form": "좋지않아?ㅎ",
                    "speaker_id": "1",
                    "time": "20191128 21:19"
                },
                {
                    "id": "MDRW1900000010.1.1.63",
                    "form": "안좋구나?",
                    "original_form": "안좋구나?",
                    "speaker_id": "1",
                    "time": "20191128 21:20"
                },
                {
                    "id": "MDRW1900000010.1.1.64",
                    "form": "좋긴한데 , 걸 릴까봐그러지ㅋㅋ",
                    "original_form": "좋긴한데 , 걸 릴까봐그러지ㅋㅋ",
                    "speaker_id": "2",
                    "time": "20191128 21:20"
                },
                {
                    "id": "MDRW1900000010.1.1.65",
                    "form": "걸림 name3이가 뭐라하겠노ㅜ",
                    "original_form": "걸림 &name3&이가 뭐라하겠노ㅜ",
                    "speaker_id": "2",
                    "time": "20191128 21:21"
                },
                {
                    "id": "MDRW1900000010.1.1.66",
                    "form": "어찌하면 안걸리지?",
                    "original_form": "어찌하면 안걸리지?",
                    "speaker_id": "1",
                    "time": "20191128 21:21"
                },
                {
                    "id": "MDRW1900000010.1.1.67",
                    "form": "충격받음",
                    "original_form": "충격받음",
                    "speaker_id": "2",
                    "time": "20191128 21:21"
                },
                {
                    "id": "MDRW1900000010.1.1.68",
                    "form": "자기가 집에없어서..",
                    "original_form": "자기가 집에없어서..",
                    "speaker_id": "1",
                    "time": "20191128 21:21"
                },
                {
                    "id": "MDRW1900000010.1.1.69",
                    "form": "그래서 걸릴까봐",
                    "original_form": "그래서 걸릴까봐",
                    "speaker_id": "1",
                    "time": "20191128 21:21"
                },
                {
                    "id": "MDRW1900000010.1.1.70",
                    "form": "그건아니면",
                    "original_form": "그건아니면",
                    "speaker_id": "1",
                    "time": "20191128 21:21"
                },
                {
                    "id": "MDRW1900000010.1.1.71",
                    "form": "잘할거같아~",
                    "original_form": "잘할거같아~",
                    "speaker_id": "1",
                    "time": "20191128 21:21"
                },
                {
                    "id": "MDRW1900000010.1.1.72",
                    "form": "흠냐흠냐",
                    "original_form": "흠냐흠냐",
                    "speaker_id": "2",
                    "time": "20191128 21:22"
                },
                {
                    "id": "MDRW1900000010.1.1.73",
                    "form": "그 옷 뭐빌려주시는지 미리 받아봐야겠다",
                    "original_form": "그 옷 뭐빌려주시는지 미리 받아봐야겠다",
                    "speaker_id": "1",
                    "time": "20191128 21:22"
                },
                {
                    "id": "MDRW1900000010.1.1.74",
                    "form": "옷은어디서 구함?",
                    "original_form": "옷은어디서 구함?",
                    "speaker_id": "2",
                    "time": "20191128 21:22"
                },
                {
                    "id": "MDRW1900000010.1.1.75",
                    "form": "수염도있는지",
                    "original_form": "수염도있는지",
                    "speaker_id": "1",
                    "time": "20191128 21:22"
                },
                {
                    "id": "MDRW1900000010.1.1.76",
                    "form": "작년에 산타모은 애엄마가 옷이 있다셔",
                    "original_form": "작년에 산타모은 애엄마가 옷이 있다셔",
                    "speaker_id": "1",
                    "time": "20191128 21:22"
                },
                {
                    "id": "MDRW1900000010.1.1.77",
                    "form": "엘사신발도 있다는데",
                    "original_form": "엘사신발도 있다는데",
                    "speaker_id": "2",
                    "time": "20191128 21:23"
                },
                {
                    "id": "MDRW1900000010.1.1.78",
                    "form": "그런거도찾아볼까?",
                    "original_form": "그런거도찾아볼까?",
                    "speaker_id": "2",
                    "time": "20191128 21:24"
                },
                {
                    "id": "MDRW1900000010.1.1.79",
                    "form": "알리 이런데서 사면없을까?ㅎ",
                    "original_form": "알리 이런데서 사면없을까?ㅎ",
                    "speaker_id": "2",
                    "time": "20191128 21:24"
                },
                {
                    "id": "MDRW1900000010.1.1.80",
                    "form": "응응 너무 물놀이장난감만 찾아봤네ㅋㅋ",
                    "original_form": "응응 너무 물놀이장난감만 찾아봤네ㅋㅋ",
                    "speaker_id": "1",
                    "time": "20191128 21:24"
                },
                {
                    "id": "MDRW1900000010.1.1.81",
                    "form": "알리서 안올카봥",
                    "original_form": "알리서 안올카봥",
                    "speaker_id": "1",
                    "time": "20191128 21:24"
                },
                {
                    "id": "MDRW1900000010.1.1.82",
                    "form": "한달이니 이제 시키면ㅋ",
                    "original_form": "한달이니 이제 시키면ㅋ",
                    "speaker_id": "2",
                    "time": "20191128 21:26"
                },
                {
                    "id": "MDRW1900000010.1.1.83",
                    "form": "안오면?ㅋ",
                    "original_form": "안오면?ㅋ",
                    "speaker_id": "1",
                    "time": "20191128 21:26"
                },
                {
                    "id": "MDRW1900000010.1.1.84",
                    "form": "오지않을까ㅋㅋ",
                    "original_form": "오지않을까ㅋㅋ",
                    "speaker_id": "2",
                    "time": "20191128 21:26"
                },
                {
                    "id": "MDRW1900000010.1.1.85",
                    "form": "다이소에 겨울왕국있더라",
                    "original_form": "다이소에 겨울왕국있더라",
                    "speaker_id": "1",
                    "time": "20191128 21:26"
                },
                {
                    "id": "MDRW1900000010.1.1.86",
                    "form": "나오늘갔는데 자 산다고 그건 못봤네",
                    "original_form": "나오늘갔는데 자 산다고 그건 못봤네",
                    "speaker_id": "2",
                    "time": "20191128 21:26"
                },
                {
                    "id": "MDRW1900000010.1.1.87",
                    "form": "드림디포가면 있을거 같다",
                    "original_form": "드림디포가면 있을거 같다",
                    "speaker_id": "2",
                    "time": "20191128 21:26"
                },
                {
                    "id": "MDRW1900000010.1.1.88",
                    "form": "자.. ㅋㅋ",
                    "original_form": "자.. ㅋㅋ",
                    "speaker_id": "1",
                    "time": "20191128 21:27"
                },
                {
                    "id": "MDRW1900000010.1.1.89",
                    "form": "주말에 미리가볼까?",
                    "original_form": "주말에 미리가볼까?",
                    "speaker_id": "2",
                    "time": "20191128 21:27"
                },
                {
                    "id": "MDRW1900000010.1.1.90",
                    "form": "드림디포에 겨울왕국이?ㅎ",
                    "original_form": "드림디포에 겨울왕국이?ㅎ",
                    "speaker_id": "1",
                    "time": "20191128 21:27"
                },
                {
                    "id": "MDRW1900000010.1.1.91",
                    "form": "name3이데리고?",
                    "original_form": "&name3&이데리고?",
                    "speaker_id": "1",
                    "time": "20191128 21:27"
                },
                {
                    "id": "MDRW1900000010.1.1.92",
                    "form": "거기 장난감도. 팔잖아ㅎ",
                    "original_form": "거기 장난감도. 팔잖아ㅎ",
                    "speaker_id": "2",
                    "time": "20191128 21:27"
                },
                {
                    "id": "MDRW1900000010.1.1.93",
                    "form": "아그렇구나~~",
                    "original_form": "아그렇구나~~",
                    "speaker_id": "1",
                    "time": "20191128 21:27"
                },
                {
                    "id": "MDRW1900000010.1.1.94",
                    "form": "ㅋ내일자기가 한번가봐ㅋㅋ",
                    "original_form": "ㅋ내일자기가 한번가봐ㅋㅋ",
                    "speaker_id": "2",
                    "time": "20191128 21:28"
                },
                {
                    "id": "MDRW1900000010.1.1.95",
                    "form": "그럼물놀이장난감하나랑 엘사관련장난감하나 살까?",
                    "original_form": "그럼물놀이장난감하나랑 엘사관련장난감하나 살까?",
                    "speaker_id": "1",
                    "time": "20191128 21:28"
                },
                {
                    "id": "MDRW1900000010.1.1.96",
                    "form": "나내일 name4 달고가라고?",
                    "original_form": "나내일 &name4& 달고가라고?",
                    "speaker_id": "1",
                    "time": "20191128 21:29"
                },
                {
                    "id": "MDRW1900000010.1.1.97",
                    "form": "응 그러자ㅋㅋ",
                    "original_form": "응 그러자ㅋㅋ",
                    "speaker_id": "2",
                    "time": "20191128 21:29"
                },
                {
                    "id": "MDRW1900000010.1.1.98",
                    "form": "그럼자기가 이유식좀",
                    "original_form": "그럼자기가 이유식좀",
                    "speaker_id": "1",
                    "time": "20191128 21:29"
                },
                {
                    "id": "MDRW1900000010.1.1.99",
                    "form": "ㅋㅋ",
                    "original_form": "ㅋㅋ",
                    "speaker_id": "1",
                    "time": "20191128 21:29"
                },
                {
                    "id": "MDRW1900000010.1.1.100",
                    "form": "name3이는 디림디포싫어하니",
                    "original_form": "&name3&이는 디림디포싫어하니",
                    "speaker_id": "2",
                    "time": "20191128 21:29"
                },
                {
                    "id": "MDRW1900000010.1.1.101",
                    "form": "디림디포ㅋㅋ",
                    "original_form": "디림디포ㅋㅋ",
                    "speaker_id": "1",
                    "time": "20191128 21:29"
                }
            ]
        }
    ]
}