{
  "currentCount": 266,
  "data": [
    {
      "시도": "서울",
      "연락처": "02-3412-2222",
      "연락처2": null,
      "연락처3": null,
      "연락처4": null,
      "운영기관명": "강남구가족센터",
      "주소": "서울시 강남구 개포로 617-8"
    },
    {
      "시도": "서울",
      "연락처": "02-471-0812",
      "연락처2": null,
      "연락처3": null,
      "연락처4": null,
      "운영기관명": "강동구가족센터",
      "주소": "서울시 강동구 양재대로 1634, 3층"
    },
    {
      "시도": "서울",
      "연락처": "02-987-2567",
      "연락처2": null,
      "연락처3": null,
      "연락처4": null,
      "운영기관명": "강북구가족센터",
      "주소": "서울시 강북구 한천로 129길 6"
    },
    {
      "시도": "서울",
      "연락처": "02-2606-2017",
      "연락처2": null,
      "연락처3": null,
      "연락처4": null,
      "운영기관명": "강서구가족센터",
      "주소": "서울시 강서구 강서로 5길 50, 곰달래 문화복지센터 4층"
    },
    {
      "시도": "서울",
      "연락처": "02-883-9383",
      "연락처2": null,
      "연락처3": null,
      "연락처4": null,
      "운영기관명": "관악구가족센터",
      "주소": "서울시 관악구 신림로 3길 35 김삼준문화복지기념관 3층 사무실"
    },
    {
      "시도": "서울",
      "연락처": "02-458-0622",
      "연락처2": null,
      "연락처3": null,
      "연락처4": null,
      "운영기관명": "광진구가족센터",
      "주소": "서울시 광진구 능동로 30길 23, 새마을회관 2층(1센터)"
    },
    {
      "시도": "서울",
      "연락처": "02-458-0666",
      "연락처2": null,
      "연락처3": null,
      "연락처4": null,
      "운영기관명": "광진구가족센터",
      "주소": "서울시 광진구 아차산로 24길 17, 자양공공힐링센터 5층(2센터)"
    },
    {
      "시도": "서울",
      "연락처": "02-458-0623",
      "연락처2": null,
      "연락처3": null,
      "연락처4": null,
      "운영기관명": "광진구가족센터",
      "주소": "서울시 광진구 자양로 15길 60, 평생할습센터 1층(공동육아나눔터)"
    },
    {
      "시도": "서울",
      "연락처": "02-869-0317",
      "연락처2": null,
      "연락처3": null,
      "연락처4": null,
      "운영기관명": "구로구가족센터",
      "주소": "서울시 구로구 우마2길 35, 구로구가족통합지원센터 2,3층"
    },
    {
      "시도": "서울",
      "연락처": "02-803-7747",
      "연락처2": null,
      "연락처3": null,
      "연락처4": null,
      "운영기관명": "금천구가족센터",
      "주소": "서울시 금천구 금하로 11길 40"
    },
    {
      "시도": "서울",
      "연락처": "02-979-3501",
      "연락처2": null,
      "연락처3": null,
      "연락처4": null,
      "운영기관명": "노원구가족센터",
      "주소": "서울시 노원구 동일로173가길 94 가온빌딩 3층"
    },
    {
      "시도": "서울",
      "연락처": "02-995-6800",
      "연락처2": null,
      "연락처3": null,
      "연락처4": null,
      "운영기관명": "도봉구가족센터",
      "주소": "서울시 도봉구 도봉로 552, 도봉구민회관 2층(본관)"
    },
    {
      "시도": "서울",
      "연락처": "02-995-6800",
      "연락처2": null,
      "연락처3": null,
      "연락처4": null,
      "운영기관명": "도봉구가족센터",
      "주소": "서울시 도봉구 마들로 664-17, 3층(2관)"
    },
    {
      "시도": "서울",
      "연락처": "02-957-0760",
      "연락처2": null,
      "연락처3": null,
      "연락처4": null,
      "운영기관명": "동대문구가족센터",
      "주소": "서울시 동대문구 청계천로 521(용두동 다사랑행복센터) 6~7층(1센터)"
    },
    {
      "시도": "서울",
      "연락처": "02-957-0760",
      "연락처2": null,
      "연락처3": null,
      "연락처4": null,
      "운영기관명": "동대문구가족센터",
      "주소": "서울시 동대문구 무학로89(용두동 동대문구민행복센터) 2층(2센터)"
    },
    {
      "시도": "서울",
      "연락처": "02-599-3301",
      "연락처2": null,
      "연락처3": null,
      "연락처4": null,
      "운영기관명": "동작구가족센터",
      "주소": "서울시 동작구 동작대로29길 63-26, 2,3층(1센터)"
    },
    {
      "시도": "서울",
      "연락처": "02-599-3301",
      "연락처2": null,
      "연락처3": null,
      "연락처4": null,
      "운영기관명": "동작구가족센터",
      "주소": "서울시 동작구 양녕로25길 60-23, 302호(2센터)"
    },
    {
      "시도": "서울",
      "연락처": "02-599-3301",
      "연락처2": null,
      "연락처3": null,
      "연락처4": null,
      "운영기관명": "동작구가족센터",
      "주소": "서울시 동작구 신대방1길 42, 3층(신대방분소)"
    },
    {
      "시도": "서울",
      "연락처": "02-3142-5482",
      "연락처2": null,
      "연락처3": null,
      "연락처4": null,
      "운영기관명": "마포구가족센터",
      "주소": "서울시 마포구 양화로 19 합정오피스 B2층"
    },
    {
      "시도": "서울",
      "연락처": "02-322-7595",
      "연락처2": null,
      "연락처3": null,
      "연락처4": null,
      "운영기관명": "서대문구가족센터",
      "주소": "서울시 서대문구 증가로 244 2층(1센터)"
    },
    {
      "시도": "서울",
      "연락처": "02-375-7530",
      "연락처2": null,
      "연락처3": null,
      "연락처4": null,
      "운영기관명": "서대문구가족센터",
      "주소": "서울시 서대문구 통일로 27길 19 2층(2센터)"
    },
    {
      "시도": "서울",
      "연락처": "02-375-7531",
      "연락처2": null,
      "연락처3": null,
      "연락처4": null,
      "운영기관명": "서대문구가족센터",
      "주소": "서울시 연희로 32길 48 연희성원아파트 관리동 2층(3센터)"
    },
    {
      "시도": "서울",
      "연락처": "02-2279-3891",
      "연락처2": null,
      "연락처3": null,
      "연락처4": null,
      "운영기관명": "서울중구가족센터",
      "주소": "서울시 중구 퇴계로 460 중구종합복지센터 10층"
    },
    {
      "시도": "서울",
      "연락처": "02-576-2851",
      "연락처2": null,
      "연락처3": null,
      "연락처4": null,
      "운영기관명": "서초구가족센터",
      "주소": "서울시 서초구 방배로10길 10-20 4,5층"
    },
    {
      "시도": "서울",
      "연락처": "02-576-2852",
      "연락처2": null,
      "연락처3": null,
      "연락처4": null,
      "운영기관명": "서초구가족센터",
      "주소": "서울시 서초구 강남대로 201 서초문화예술회관 2층(1센터)"
    },
    {
      "시도": "서울",
      "연락처": "02-6919-9745",
      "연락처2": "02-6919-9746",
      "연락처3": "02-6919-9747",
      "연락처4": "02-6919-9748~50",
      "운영기관명": "서초구가족센터",
      "주소": "서울시 서초구 사평대로 205 센트럴시티 파미에스테이션 FP 2층(2센터)"
    },
    {
      "시도": "서울",
      "연락처": "02-573-2010",
      "연락처2": null,
      "연락처3": null,
      "연락처4": null,
      "운영기관명": "서초구가족센터",
      "주소": "서울시 서초구 청계산로 9길 70 내곡SH플라자 301-1호(서초엄마힐링센터)"
    },
    {
      "시도": "서울",
      "연락처": "02-3395-9445",
      "연락처2": null,
      "연락처3": null,
      "연락처4": null,
      "운영기관명": "성동구가족센터",
      "주소": "서울시 성동구 무학로 6길 9(홍익동) 3층(본센터)"
    },
    {
      "시도": "서울",
      "연락처": "02-3395-9446",
      "연락처2": null,
      "연락처3": null,
      "연락처4": null,
      "운영기관명": "성동구가족센터",
      "주소": "서울시 성동구 난계로 6 아이사랑복합문화센터 2층(공동육아나눔터)"
    },
    {
      "시도": "서울",
      "연락처": "02-3395-9447",
      "연락처2": null,
      "연락처3": null,
      "연락처4": null,
      "운영기관명": "성동구가족센터",
      "주소": "서울시 성동구 행당로82(교류소통공간)"
    },
    {
      "시도": "서울",
      "연락처": "02-3395-9445",
      "연락처2": null,
      "연락처3": null,
      "연락처4": null,
      "운영기관명": "성동구가족센터",
      "주소": "서울시 성동구 왕십리로24나길10 202호(다문화어린이작은책마루이음)"
    },
    {
      "시도": "서울",
      "연락처": "02-3290-1660",
      "연락처2": null,
      "연락처3": null,
      "연락처4": null,
      "운영기관명": "성북구가족센터",
      "주소": "서울시 성북구 안암로 145 고려대학교 라이시움 102호(1센터)"
    },
    {
      "시도": "서울",
      "연락처": "02-3290-1660",
      "연락처2": null,
      "연락처3": null,
      "연락처4": null,
      "운영기관명": "성북구가족센터",
      "주소": "서울시 성북구 정릉로 61-6 성북온가족행복지원센터(2센터)"
    },
    {
      "시도": "서울",
      "연락처": "02-443-3844",
      "연락처2": null,
      "연락처3": null,
      "연락처4": null,
      "운영기관명": "송파구가족센터",
      "주소": "서울시 송파구 양산로 5 송파구보건지소 2층(1센터)"
    },
    {
      "시도": "서울",
      "연락처": "02-403-3844",
      "연락처2": null,
      "연락처3": null,
      "연락처4": null,
      "운영기관명": "송파구가족센터",
      "주소": "서울시 송파구 마천로41길 12(2센터)"
    },
    {
      "시도": "서울",
      "연락처": "02-430-3844",
      "연락처2": null,
      "연락처3": null,
      "연락처4": null,
      "운영기관명": "송파구가족센터",
      "주소": "서울시 송파구 백제고분로42길 5, 408호 아이돌봄지원사업팀(3센터)"
    },
    {
      "시도": "서울",
      "연락처": "070-7459-3844",
      "연락처2": null,
      "연락처3": null,
      "연락처4": null,
      "운영기관명": "송파구가족센터",
      "주소": "서울시 송파구 토성로 19길 37 토성경로당 2층 공동육아나눔터(4센터 1호점)"
    },
    {
      "시도": "서울",
      "연락처": "070-7459-3884",
      "연락처2": null,
      "연락처3": null,
      "연락처4": null,
      "운영기관명": "송파구가족센터",
      "주소": "서울시 송파구 백제고분로 145 잠실본동복합청사 3층 공동육아나눔터(4센터 2호점)"
    },
    {
      "시도": "서울",
      "연락처": "070-7450-4331",
      "연락처2": null,
      "연락처3": null,
      "연락처4": null,
      "운영기관명": "송파구가족센터",
      "주소": "서울시 송파구 양산로8길 11-10 엘리트하우스 1층(1인가구지원센터 1)"
    },
    {
      "시도": "서울",
      "연락처": "02-2147-4944",
      "연락처2": null,
      "연락처3": null,
      "연락처4": null,
      "운영기관명": "송파구가족센터",
      "주소": "서울시 송파구 거마로 8길 20, 송파커뮤니티센터 3층(1인가구지원센터 2)"
    },
    {
      "시도": "서울",
      "연락처": "02-2065-3400",
      "연락처2": null,
      "연락처3": null,
      "연락처4": null,
      "운영기관명": "양천구가족센터",
      "주소": "서울시 양천구 남부순환로 83길 53 3층(신월6동 1078-1번지 3층)"
    },
    {
      "시도": "서울",
      "연락처": "02-2678-2193",
      "연락처2": null,
      "연락처3": null,
      "연락처4": null,
      "운영기관명": "영등포구가족센터",
      "주소": "서울시 영등포구 영등포로84길 24-5 4층"
    },
    {
      "시도": "서울",
      "연락처": "02-797-9184",
      "연락처2": null,
      "연락처3": null,
      "연락처4": null,
      "운영기관명": "용산구가족센터",
      "주소": "서울시 용산구 이태원로 224-19 3층"
    },
    {
      "시도": "서울",
      "연락처": "02-376-3761",
      "연락처2": null,
      "연락처3": null,
      "연락처4": null,
      "운영기관명": "은평구가족센터",
      "주소": "서울시 은평구 은평로21가길 15-17(1센터)"
    },
    {
      "시도": "서울",
      "연락처": "02-376-3761",
      "연락처2": null,
      "연락처3": null,
      "연락처4": null,
      "운영기관명": "은평구가족센터",
      "주소": "서울시 은평구 통일로 1050(2센터)"
    },
    {
      "시도": "서울",
      "연락처": "02-376-3761",
      "연락처2": null,
      "연락처3": null,
      "연락처4": null,
      "운영기관명": "은평구가족센터",
      "주소": "서울시 은평구 서오릉로114-16(공동육아나눔터 2호점)"
    },
    {
      "시도": "서울",
      "연락처": "02-764-3524",
      "연락처2": null,
      "연락처3": null,
      "연락처4": null,
      "운영기관명": "종로구가족센터",
      "주소": "서울시 종로구 종로53길 29 (창신동 197-17) 토월 2층"
    },
    {
      "시도": "서울",
      "연락처": "02-435-4142",
      "연락처2": null,
      "연락처3": null,
      "연락처4": null,
      "운영기관명": "중랑구가족센터",
      "주소": "서울시 중랑구 용마산로 369"
    },
    {
      "시도": "부산",
      "연락처": "051-513-2131",
      "연락처2": null,
      "연락처3": null,
      "연락처4": null,
      "운영기관명": "금정구가족센터",
      "주소": "부산시 금정구 중앙대로 1992, 2층"
    },
    {
      "시도": "부산",
      "연락처": "051-792-4750",
      "연락처2": null,
      "연락처3": null,
      "연락처4": null,
      "운영기관명": "기장군가족센터",
      "주소": "부산시 기장군 기장읍 차성로 206 기장종합사회복지관 2층"
    },
    {
      "시도": "부산",
      "연락처": "051-506-5766",
      "연락처2": "051-506-5765",
      "연락처3": "051-503-3530",
      "연락처4": null,
      "운영기관명": "동래구가족센터",
      "주소": "부산시 동래구 사직북로63번길 20-7, 사직종합사회복지관 2층"
    },
    {
      "시도": "부산",
      "연락처": "051-465-7171",
      "연락처2": null,
      "연락처3": null,
      "연락처4": null,
      "운영기관명": "부산동구가족센터",
      "주소": "부산광역시 동구 중앙대로 248, 엘림빌딩 3층(초량동)"
    },
    {
      "시도": "부산",
      "연락처": "051-241-6200",
      "연락처2": "051-257-0064",
      "연락처3": "051-241-6252",
      "연락처4": null,
      "운영기관명": "부산서구가족센터",
      "주소": "부산시 서구 구덕로 127, 6층(토성동 5가, 서구가족복지센터)"
    },
    {
      "시도": "부산",
      "연락처": "051-328-0042",
      "연락처2": null,
      "연락처3": null,
      "연락처4": null,
      "운영기관명": "사상구가족센터",
      "주소": "부산시 사상구 가야대로 196번길 51 다누림센터 4층"
    },
    {
      "시도": "부산",
      "연락처": "051-203-4588",
      "연락처2": null,
      "연락처3": null,
      "연락처4": null,
      "운영기관명": "사하구가족센터",
      "주소": "부산시 사하구 하신중앙로 185 (사하구제2청사 3층)"
    },
    {
      "시도": "부산",
      "연락처": "051-205-8345",
      "연락처2": null,
      "연락처3": null,
      "연락처4": null,
      "운영기관명": "사하구가족센터",
      "주소": "부산시 사하구 신산로 177 (농협은행 신평지점 3층)"
    },
    {
      "시도": "부산",
      "연락처": "051-758-3073",
      "연락처2": null,
      "연락처3": null,
      "연락처4": null,
      "운영기관명": "수영구가족센터",
      "주소": "부산시 수영구 황령산로 7번길 45(남천동, 헤리티지) 지하 1층"
    },
    {
      "시도": "부산",
      "연락처": "051-851-5002",
      "연락처2": null,
      "연락처3": null,
      "연락처4": null,
      "운영기관명": "연제구가족센터",
      "주소": "부산시 연제구 월드컵대로 46번길 11"
    },
    {
      "시도": "부산",
      "연락처": "051-414-9605",
      "연락처2": null,
      "연락처3": null,
      "연락처4": null,
      "운영기관명": "영도구가족센터",
      "주소": "부산시 영도구 하나길 448"
    },
    {
      "시도": "부산",
      "연락처": "051-817-4313",
      "연락처2": null,
      "연락처3": null,
      "연락처4": null,
      "운영기관명": "부산진구다문화가족지원센터",
      "주소": "부산시 부산진구 백양대로 160, 2층(당감동, 부산진구 여성가족문화센터)"
    },
    {
      "시도": "부산",
      "연락처": "051-610-2027",
      "연락처2": null,
      "연락처3": null,
      "연락처4": null,
      "운영기관명": "부산남구다문화가족지원센터",
      "주소": "부산시 남구 수영로 356, 2층(대연동,부산광역시 여성회관)"
    },
    {
      "시도": "부산",
      "연락처": "051-365-3408",
      "연락처2": null,
      "연락처3": null,
      "연락처4": null,
      "운영기관명": "부산북구다문화가족지원센터",
      "주소": "부산시 북구 효열로 76(금곡동 1108)"
    },
    {
      "시도": "부산",
      "연락처": "051-702-8002",
      "연락처2": null,
      "연락처3": null,
      "연락처4": null,
      "운영기관명": "해운대구다문화가족지원센터",
      "주소": "부산시 해운대구  양운로 91, 좌1동 주민센터 2층"
    },
    {
      "시도": "부산",
      "연락처": "051-257-0787",
      "연락처2": null,
      "연락처3": null,
      "연락처4": null,
      "운영기관명": "한국아동복지회",
      "주소": "부산시 중구  대청로 15 (보수동3가)  한국아동복지회관 3층 다문화가족지원센터"
    },
    {
      "시도": "부산",
      "연락처": "051-972-4591",
      "연락처2": null,
      "연락처3": null,
      "연락처4": null,
      "운영기관명": "강서구종합사회복지관",
      "주소": "부산시 강서구 대저1동 대저로 63번길 31"
    },
    {
      "시도": "대구",
      "연락처": "053-593-1511",
      "연락처2": null,
      "연락처3": null,
      "연락처4": null,
      "운영기관명": "달서구가족센터",
      "주소": "대구시 달서구 야외음당로13길 60"
    },
    {
      "시도": "대구",
      "연락처": "053-636-7390",
      "연락처2": "053-637-4374",
      "연락처3": null,
      "연락처4": null,
      "운영기관명": "달성군가족센터",
      "주소": "대구시 달성군 현풍읍 테크노중앙대로 231 (교육문화복지센터 1층)"
    },
    {
      "시도": "대구",
      "연락처": "053-475-2324",
      "연락처2": null,
      "연락처3": null,
      "연락처4": null,
      "운영기관명": "대구남구가족센터",
      "주소": "대구시 남구 이천로 10"
    },
    {
      "시도": "대구",
      "연락처": "053-961-2202~3",
      "연락처2": null,
      "연락처3": null,
      "연락처4": null,
      "운영기관명": "대구동구가족센터",
      "주소": "대구시 동구 안심로 300, 4~5층"
    },
    {
      "시도": "대구",
      "연락처": "053-327-2992",
      "연락처2": "053-327-2994",
      "연락처3": null,
      "연락처4": null,
      "운영기관명": "대구북구가족센터",
      "주소": "대구시 북구 대천로 77, 행복북구통합가족센터 5층(동천동)"
    },
    {
      "시도": "대구",
      "연락처": "053-355-8042",
      "연락처2": "053-341-8312",
      "연락처3": null,
      "연락처4": null,
      "운영기관명": "대구서구가족센터",
      "주소": "대구시 서구 서대구로 330, 5~6층"
    },
    {
      "시도": "대구",
      "연락처": "053-431-1230",
      "연락처2": null,
      "연락처3": null,
      "연락처4": null,
      "운영기관명": "대구중구가족센터",
      "주소": "대구시 중구 남산로 53-1, 2층"
    },
    {
      "시도": "대구",
      "연락처": "053-795-4300",
      "연락처2": null,
      "연락처3": null,
      "연락처4": null,
      "운영기관명": "수성구가족센터",
      "주소": "대구시 수성구 들안로16길 78, 두산문화센터 1층"
    },
    {
      "시도": "인천",
      "연락처": "032-933-0980",
      "연락처2": null,
      "연락처3": null,
      "연락처4": null,
      "운영기관명": "강화군가족센터",
      "주소": "인천시 강화군 강화읍 북문길11-1"
    },
    {
      "시도": "인천",
      "연락처": "032-547-1015",
      "연락처2": "032-541-2860",
      "연락처3": null,
      "연락처4": null,
      "운영기관명": "계양구가족센터",
      "주소": "인천시 계양구 계양산로 102번길 5 사회복지회관 3층"
    },
    {
      "시도": "인천",
      "연락처": "032-467-3904",
      "연락처2": null,
      "연락처3": null,
      "연락처4": null,
      "운영기관명": "남동구가족센터",
      "주소": "인천시 남동구 호구포로203-31(논현동)"
    },
    {
      "시도": "인천",
      "연락처": "032-875-2993",
      "연락처2": null,
      "연락처3": null,
      "연락처4": null,
      "운영기관명": "미추홀구가족센터",
      "주소": "인천시 미추홀구 낙섬중로 129, 주민복지관 1동(1센터)"
    },
    {
      "시도": "인천",
      "연락처": "032-875-1577",
      "연락처2": null,
      "연락처3": null,
      "연락처4": null,
      "운영기관명": "미추홀구가족센터",
      "주소": "인천시 미추홀구 소성로 189, 새암빌딩 5층(2센터)"
    },
    {
      "시도": "인천",
      "연락처": "032-773-0297",
      "연락처2": null,
      "연락처3": null,
      "연락처4": null,
      "운영기관명": "인천동구가족센터",
      "주소": "인천시 동구 솔빛로 22번길 2 송현1,2동 복합청사 4층"
    },
    {
      "시도": "인천",
      "연락처": "032-569-1560",
      "연락처2": null,
      "연락처3": null,
      "연락처4": null,
      "운영기관명": "인천서구가족센터",
      "주소": "인천시 서구 경명대로 693번길6(공촌동)"
    },
    {
      "시도": "인천",
      "연락처": "032-851-2740",
      "연락처2": null,
      "연락처3": null,
      "연락처4": null,
      "운영기관명": "연수구가족센터",
      "주소": "인천시 연수구 청능대로 109, 4층"
    },
    {
      "시도": "인천",
      "연락처": "032-899-2344",
      "연락처2": null,
      "연락처3": null,
      "연락처4": null,
      "운영기관명": "옹진군청 주민생활지원실",
      "주소": "인천시 미추홀구 매소홀로 120(용현동)"
    },
    {
      "시도": "인천",
      "연락처": "032-763-9337",
      "연락처2": null,
      "연락처3": null,
      "연락처4": null,
      "운영기관명": "인천중구가족센터",
      "주소": "인천시 중구 답동로 23, 천주교사회복지센터 3층"
    },
    {
      "시도": "인천",
      "연락처": "032-511-1800",
      "연락처2": "032-511-1801",
      "연락처3": "032-511-1809",
      "연락처4": null,
      "운영기관명": "부평구다문화가족지원센터",
      "주소": "인천시 부평구 열우물로 103(십정1동 279-20) 열우물어울림센터 7층"
    },
    {
      "시도": "광주",
      "연락처": "062-954-8004",
      "연락처2": null,
      "연락처3": null,
      "연락처4": null,
      "운영기관명": "광산구가족센터",
      "주소": "광주시 광산구 광산로57-1"
    },
    {
      "시도": "광주",
      "연락처": "062-351-9337",
      "연락처2": "062-351-5432",
      "연락처3": null,
      "연락처4": null,
      "운영기관명": "광주남구가족센터",
      "주소": "광주시 남구 서문대로 831, 7층"
    },
    {
      "시도": "광주",
      "연락처": "062-234-5790",
      "연락처2": null,
      "연락처3": null,
      "연락처4": null,
      "운영기관명": "광주동구가족센터",
      "주소": "광주시 동구 남문로 693번길 14"
    },
    {
      "시도": "광주",
      "연락처": "062-363-2963",
      "연락처2": null,
      "연락처3": null,
      "연락처4": null,
      "운영기관명": "광주북구가족센터",
      "주소": "광주시 북구 하서로 195"
    },
    {
      "시도": "광주",
      "연락처": "062-369-0072",
      "연락처2": null,
      "연락처3": null,
      "연락처4": null,
      "운영기관명": "광주서구가족센터",
      "주소": "광주시 서구 상무대로 1224번길 18"
    },
    {
      "시도": "대전",
      "연락처": "042-932-9995",
      "연락처2": null,
      "연락처3": null,
      "연락처4": null,
      "운영기관명": "대전광역시가족센터",
      "주소": "대전시 유성구 테크노6로 40-17 (관평동)"
    },
    {
      "시도": "대전",
      "연락처": "042-630-9945",
      "연락처2": null,
      "연락처3": null,
      "연락처4": null,
      "운영기관명": "동구다문화가족지원센터",
      "주소": "대전시 동구 동대전로 171 (자양동)우송도서관706호"
    },
    {
      "시도": "대전",
      "연락처": "042-335-4566",
      "연락처2": null,
      "연락처3": null,
      "연락처4": null,
      "운영기관명": "중구다문화가족지원센터",
      "주소": "대전시 중구 대흥로  128 대전YWCA 3층"
    },
    {
      "시도": "대전",
      "연락처": "042-639-2664",
      "연락처2": "042-639-2665",
      "연락처3": null,
      "연락처4": null,
      "운영기관명": "대덕구다문화가족지원센터",
      "주소": "대전시 대덕구 신탄진로 63(연축동)대전가톨릭사회복지회 2층"
    },
    {
      "시도": "대전",
      "연락처": "042-520-5928",
      "연락처2": null,
      "연락처3": null,
      "연락처4": null,
      "운영기관명": "대전서구가족센터",
      "주소": "대전시 서구 배재로 155-40, 우남관 103호(도마동, 배재대학교)"
    },
    {
      "시도": "울산",
      "연락처": "052-274-3136",
      "연락처2": null,
      "연락처3": null,
      "연락처4": null,
      "운영기관명": "울산남구가족센터",
      "주소": "울산시 남구 여천로 12번길 50(해피투게더 타운, B1)"
    },
    {
      "시도": "울산",
      "연락처": "052-232-3357",
      "연락처2": null,
      "연락처3": null,
      "연락처4": null,
      "운영기관명": "울산동구가족센터",
      "주소": "울산시 동구 대송로 112, 4층"
    },
    {
      "시도": "울산",
      "연락처": "052-286-0025",
      "연락처2": null,
      "연락처3": null,
      "연락처4": null,
      "운영기관명": "울산북구가족센터",
      "주소": "울산시 북구 동대5길 31(호계동 259-13)"
    },
    {
      "시도": "울산",
      "연락처": "052-242-9600",
      "연락처2": null,
      "연락처3": null,
      "연락처4": null,
      "운영기관명": "울주군가족센터",
      "주소": "울산시 울주군 범서읍 점촌5길 39-7 1층"
    },
    {
      "시도": "울산",
      "연락처": "052-248-1103",
      "연락처2": null,
      "연락처3": null,
      "연락처4": null,
      "운영기관명": "울산중구가족센터",
      "주소": "울산시 중구 중앙시장길 2, 3층"
    },
    {
      "시도": "세종",
      "연락처": "044-862-9336",
      "연락처2": "044-862-9337",
      "연락처3": "044-862-9338",
      "연락처4": null,
      "운영기관명": "세종시가족센터",
      "주소": "세종시 새롬로 14, 새롬종합복지센터 2층"
    },
    {
      "시도": "경기",
      "연락처": "031-257-8504",
      "연락처2": null,
      "연락처3": null,
      "연락처4": null,
      "운영기관명": "수원시다문화가족지원센터",
      "주소": "경기 수원시 장안구 송원로 63 신성빌딩 3층"
    },
    {
      "시도": "경기",
      "연락처": "031-740-1175",
      "연락처2": null,
      "연락처3": null,
      "연락처4": null,
      "운영기관명": "성남시다문화가족지원센터",
      "주소": "경기도 성남시 중원구 광명로395번길 1"
    },
    {
      "시도": "경기",
      "연락처": "031-938-9801",
      "연락처2": null,
      "연락처3": null,
      "연락처4": null,
      "운영기관명": "고양시다문화가족지원센터",
      "주소": "경기도 고양시 일산동구 대산로 27 정원빌딩 4층"
    },
    {
      "시도": "경기",
      "연락처": "032-327-1370",
      "연락처2": null,
      "연락처3": null,
      "연락처4": null,
      "운영기관명": "부천시다문화가족지원센터",
      "주소": "경기도 부천시 조종로 68번가길 4(원미동)"
    },
    {
      "시도": "경기",
      "연락처": "031-599-1700",
      "연락처2": "031-599-1701",
      "연락처3": "031-599-1702",
      "연락처4": "031-599-1703~16",
      "운영기관명": "안산시다문화가족지원센터",
      "주소": "경기도 안산시 단원구 화정로 26, 안산글로벌다문화센터 2층(초지동)"
    },
    {
      "시도": "경기",
      "연락처": "031-582-9902",
      "연락처2": null,
      "연락처3": null,
      "연락처4": null,
      "운영기관명": "가평군가족센터",
      "주소": "경기도 가평군 가평읍 석봉로 191번길 10,  2층"
    },
    {
      "시도": "경기",
      "연락처": "02-503-0070",
      "연락처2": null,
      "연락처3": null,
      "연락처4": null,
      "운영기관명": "과천시가족센터",
      "주소": "경기도 과천시 관악산길 58"
    },
    {
      "시도": "경기",
      "연락처": "02-6265-1366",
      "연락처2": null,
      "연락처3": null,
      "연락처4": null,
      "운영기관명": "광명시가족센터",
      "주소": "경기도 광명시 디지털로 34 철산별관 노둣돌 1동 2층"
    },
    {
      "시도": "경기",
      "연락처": "031-798-7137",
      "연락처2": "031-798-7141",
      "연락처3": null,
      "연락처4": null,
      "운영기관명": "광주시가족센터",
      "주소": "경기도 광주시 통미로 52번길 19"
    },
    {
      "시도": "경기",
      "연락처": "031-556-3873",
      "연락처2": null,
      "연락처3": null,
      "연락처4": null,
      "운영기관명": "구리시가족센터",
      "주소": "경기도 구리시 아차산로 453, 여성행복센터 5층"
    },
    {
      "시도": "경기",
      "연락처": "031-392-1811",
      "연락처2": null,
      "연락처3": null,
      "연락처4": null,
      "운영기관명": "군포시가족센터",
      "주소": "경기도 군포시 번영로200번길 72 군포시가족센터 3층 (신설건물 이전)"
    },
    {
      "시도": "경기",
      "연락처": "031-996-5920",
      "연락처2": null,
      "연락처3": null,
      "연락처4": null,
      "운영기관명": "김포시가족센터",
      "주소": "경기도 김포시 김포한강4로 564, (LH한가람 2단지 내)"
    },
    {
      "시도": "경기",
      "연락처": "031-553-8211",
      "연락처2": "031-556-8210",
      "연락처3": null,
      "연락처4": null,
      "운영기관명": "남양주시가족센터",
      "주소": "경기도 남양주시 경춘로 522 남양주시청 제2청사 2층, 4층"
    },
    {
      "시도": "경기",
      "연락처": "031-863-3801",
      "연락처2": null,
      "연락처3": null,
      "연락처4": null,
      "운영기관명": "동두천시가족센터",
      "주소": "경기도 동두천시 중앙로 249 두드림희망센터 2층"
    },
    {
      "시도": "경기",
      "연락처": "031-319-7997",
      "연락처2": null,
      "연락처3": null,
      "연락처4": null,
      "운영기관명": "시흥시가족센터",
      "주소": "경기도 시흥시 정왕천로 449번길 51(본관)"
    },
    {
      "시도": "경기",
      "연락처": "031-319-7997",
      "연락처2": null,
      "연락처3": null,
      "연락처4": null,
      "운영기관명": "시흥시가족센터",
      "주소": "경기도 시흥시 승지로 59번길 1 건아빌딩 3층(분관)"
    },
    {
      "시도": "경기",
      "연락처": "031-677-7191",
      "연락처2": "031-677-7192",
      "연락처3": "031-677-9336",
      "연락처4": "031-677-9337",
      "운영기관명": "안성시가족센터",
      "주소": "경기도 안성시 산수유길 15 안성종합사회복지관 3층"
    },
    {
      "시도": "경기",
      "연락처": "031-8045-5572",
      "연락처2": null,
      "연락처3": null,
      "연락처4": null,
      "운영기관명": "안양시가족센터",
      "주소": "경기도 안양시 동안구 동안로 158(비산동) 동안구청 별관 2층"
    },
    {
      "시도": "경기",
      "연락처": "031-858-5681",
      "연락처2": "031-848-5622",
      "연락처3": null,
      "연락처4": null,
      "운영기관명": "양주시가족센터",
      "주소": "경기도 양주시 평화로 1475번길 39 회천2동 복합청사 6층"
    },
    {
      "시도": "경기",
      "연락처": "031-775-5951, 5957",
      "연락처2": null,
      "연락처3": null,
      "연락처4": null,
      "운영기관명": "양평군가족센터",
      "주소": "경기도 양평군 양평읍 중앙로 111번길 34-23 행복플러스센터 2층"
    },
    {
      "시도": "경기",
      "연락처": "031-886-0321",
      "연락처2": null,
      "연락처3": null,
      "연락처4": null,
      "운영기관명": "여주시가족센터",
      "주소": "경기도 여주시 세종로61, 현대아파트 상가동 3층(홍문동)"
    },
    {
      "시도": "경기",
      "연락처": "031-835-0093",
      "연락처2": null,
      "연락처3": null,
      "연락처4": null,
      "운영기관명": "연천군가족센터",
      "주소": "경기도 연천군 전곡읍 전영로 11, 연천군종합복지관 5층"
    },
    {
      "시도": "경기",
      "연락처": "031-372-1335",
      "연락처2": null,
      "연락처3": null,
      "연락처4": null,
      "운영기관명": "오산시가족센터",
      "주소": "경기도 오산시 성호대로 83(주사무소)"
    },
    {
      "시도": "경기",
      "연락처": "031-378-9766",
      "연락처2": null,
      "연락처3": null,
      "연락처4": null,
      "운영기관명": "오산시가족센터",
      "주소": "경기도 오산시 운암로 7 오산시자원봉사센터 3층(부설사무소)"
    },
    {
      "시도": "경기",
      "연락처": "031-323-7131",
      "연락처2": "031-323-7133",
      "연락처3": null,
      "연락처4": null,
      "운영기관명": "용인시가족센터",
      "주소": "경기도 용인시 수지구 법조로 230(용인시종합가족센터 3층)"
    },
    {
      "시도": "경기",
      "연락처": "031-429-8931",
      "연락처2": null,
      "연락처3": null,
      "연락처4": null,
      "운영기관명": "의왕시가족센터",
      "주소": "경기도 의왕시 덕장로 19 청계종합사회복지센터 4층"
    },
    {
      "시도": "경기",
      "연락처": "031-878-7117",
      "연락처2": null,
      "연락처3": null,
      "연락처4": null,
      "운영기관명": "의정부시가족센터",
      "주소": "경기도 의정부시 둔야로 5번길 67"
    },
    {
      "시도": "경기",
      "연락처": "031-631-2260",
      "연락처2": null,
      "연락처3": null,
      "연락처4": null,
      "운영기관명": "이천시가족센터",
      "주소": "경기도 이천시 남천로 31(중리동) 행정복지센터 3층"
    },
    {
      "시도": "경기",
      "연락처": "031-949-9161",
      "연락처2": "031-949-9162",
      "연락처3": "031-949-9163",
      "연락처4": "031-949-9164",
      "운영기관명": "파주시가족센터",
      "주소": "경기도 파주시 중앙로 229"
    },
    {
      "시도": "경기",
      "연락처": "031-615-3959",
      "연락처2": null,
      "연락처3": null,
      "연락처4": null,
      "운영기관명": "평택시가족센터",
      "주소": "경기도 평택시 서정로295(서정동) 북부복지타운 1층"
    },
    {
      "시도": "경기",
      "연락처": "031-532-2062",
      "연락처2": null,
      "연락처3": null,
      "연락처4": null,
      "운영기관명": "포천시가족센터",
      "주소": "경기도 포천시 해룡로 120, 차 의과학대학교 면학관 101호"
    },
    {
      "시도": "경기",
      "연락처": "031-793-2993",
      "연락처2": null,
      "연락처3": null,
      "연락처4": null,
      "운영기관명": "하남시가족센터",
      "주소": "경기도 하남시 덕풍천서로 9 별관 3~4층 (제 1관)"
    },
    {
      "시도": "경기",
      "연락처": "031-793-2993",
      "연락처2": null,
      "연락처3": null,
      "연락처4": null,
      "운영기관명": "하남시가족센터",
      "주소": "경기도 하남시 대청로9 우정빌딩 5층 (제 2관)"
    },
    {
      "시도": "경기",
      "연락처": "031-221-5559",
      "연락처2": null,
      "연락처3": null,
      "연락처4": null,
      "운영기관명": "화성시가족센터",
      "주소": "경기도 화성시 태안로 145 유앤아이센터 4층"
    },
    {
      "시도": "강원",
      "연락처": "033-648-3019",
      "연락처2": null,
      "연락처3": null,
      "연락처4": null,
      "운영기관명": "강릉시가족센터",
      "주소": "강원도 강릉시 임암로92번길 30-16"
    },
    {
      "시도": "강원",
      "연락처": "033-681-9390",
      "연락처2": null,
      "연락처3": null,
      "연락처4": null,
      "운영기관명": "강원고성군가족센터",
      "주소": "강원도 고성군 간성읍 간성로 97(별관)"
    },
    {
      "시도": "강원",
      "연락처": "033-535-8377",
      "연락처2": "033-535-8378",
      "연락처3": "033-535-0185",
      "연락처4": "033-535-0186",
      "운영기관명": "동해시가족센터",
      "주소": "강원도 동해시 천곡1길 20-3 동해시청 제 1별관"
    },
    {
      "시도": "강원",
      "연락처": "033-576-0761",
      "연락처2": "033-576-0762",
      "연락처3": "033-573-5434",
      "연락처4": null,
      "운영기관명": "삼척시가족센터",
      "주소": "강원도 삼척시 원당로 2길 72-6번지 5층"
    },
    {
      "시도": "강원",
      "연락처": "033-638-3523",
      "연락처2": "033-637-2680",
      "연락처3": null,
      "연락처4": null,
      "운영기관명": "속초시가족센터",
      "주소": "강원도 속초시 도리원길 5(경동대 속초캠퍼스 유아교육관2층)"
    },
    {
      "시도": "강원",
      "연락처": "033-480-2445",
      "연락처2": null,
      "연락처3": null,
      "연락처4": null,
      "운영기관명": "양구군가족센터",
      "주소": "강원도 양구군 양구읍 장터길 43(양구행복나눔센터)"
    },
    {
      "시도": "강원",
      "연락처": "033-673-0020",
      "연락처2": null,
      "연락처3": null,
      "연락처4": null,
      "운영기관명": "양양군가족센터",
      "주소": "강원도 양양군 양양읍 안산1길 74-52"
    },
    {
      "시도": "강원",
      "연락처": "033-372-4769",
      "연락처2": "033-375-8400",
      "연락처3": null,
      "연락처4": null,
      "운영기관명": "영월군가족센터",
      "주소": "강원도 영월군 영월읍 단종로 12, 4층"
    },
    {
      "시도": "강원",
      "연락처": "033-764-8612",
      "연락처2": null,
      "연락처3": null,
      "연락처4": null,
      "운영기관명": "원주시가족센터",
      "주소": "강원도 원주시 판부면 매봉길 16-18"
    },
    {
      "시도": "강원",
      "연락처": "033-462-3651",
      "연락처2": null,
      "연락처3": null,
      "연락처4": null,
      "운영기관명": "인제군가족센터",
      "주소": "강원도 인제군 인제읍 비봉로 44번길 100 하늘내린센터 3층"
    },
    {
      "시도": "강원",
      "연락처": "033-562-3458",
      "연락처2": null,
      "연락처3": null,
      "연락처4": null,
      "운영기관명": "정선군가족센터",
      "주소": "강원도 정선군 정선읍 봉양7길 16 3층"
    },
    {
      "시도": "강원",
      "연락처": "033-452-7800",
      "연락처2": null,
      "연락처3": null,
      "연락처4": null,
      "운영기관명": "철원군가족센터",
      "주소": "강원도 철원군 갈말읍 삼부연로 22-1"
    },
    {
      "시도": "강원",
      "연락처": "033-251-8014",
      "연락처2": null,
      "연락처3": null,
      "연락처4": null,
      "운영기관명": "춘천시가족센터",
      "주소": "강원도 춘천시 공지로305 (홀트춘천복지센터1층)"
    },
    {
      "시도": "강원",
      "연락처": "033-554-4003",
      "연락처2": null,
      "연락처3": null,
      "연락처4": null,
      "운영기관명": "태백시가족센터",
      "주소": "강원도 태백시 해지개길 41"
    },
    {
      "시도": "강원",
      "연락처": "033-332-2063",
      "연락처2": "033-332-2064",
      "연락처3": null,
      "연락처4": null,
      "운영기관명": "평창군가족센터",
      "주소": "강원도 평창군 평창읍 평창중앙로 67 (문화복지센터 2층)"
    },
    {
      "시도": "강원",
      "연락처": "033-433-1925",
      "연락처2": "033-433-1915",
      "연락처3": "033-432-1935",
      "연락처4": null,
      "운영기관명": "홍천군가족센터",
      "주소": "강원도 홍천군 홍천읍 꽃뫼로 87 2,3층(홍천농협 본점 2,3층)"
    },
    {
      "시도": "강원",
      "연락처": "033-440-4528",
      "연락처2": "033-440-4529",
      "연락처3": null,
      "연락처4": null,
      "운영기관명": "화천군가족센터",
      "주소": "강원도 화천군 화천읍 산수화로 45-30"
    },
    {
      "시도": "강원",
      "연락처": "033-344-3458",
      "연락처2": "033-344-3459",
      "연락처3": null,
      "연락처4": null,
      "운영기관명": "횡성군가족센터",
      "주소": "강원도 횡성군 횡성읍 횡성로 379 횡성군종합보건복지타운 3층"
    },
    {
      "시도": "충북",
      "연락처": "043-832-1078",
      "연락처2": null,
      "연락처3": null,
      "연락처4": null,
      "운영기관명": "괴산군가족센터",
      "주소": "충북 괴산군 괴산읍 금산길 3"
    },
    {
      "시도": "충북",
      "연락처": "043-421-6200",
      "연락처2": null,
      "연락처3": null,
      "연락처4": null,
      "운영기관명": "단양군가족센터",
      "주소": "충북 단양군,읍 별곡12길 5 여성발전센터 2층"
    },
    {
      "시도": "충북",
      "연락처": "043-544-5422",
      "연락처2": null,
      "연락처3": null,
      "연락처4": null,
      "운영기관명": "보은군가족센터",
      "주소": "충북 보은군 보은읍 남부로 4515, 2층(거성상가)"
    },
    {
      "시도": "충북",
      "연락처": "043-745-8489",
      "연락처2": null,
      "연락처3": null,
      "연락처4": null,
      "운영기관명": "영동군가족센터",
      "주소": "충북 영동군 영동읍 성안길 9-4"
    },
    {
      "시도": "충북",
      "연락처": "043-733-1915",
      "연락처2": null,
      "연락처3": null,
      "연락처4": null,
      "운영기관명": "옥천군가족센터",
      "주소": "충북 옥천군 옥천읍 삼금로4길 6 옥천통합복지센터 5층"
    },
    {
      "시도": "충북",
      "연락처": "043-873-8731",
      "연락처2": null,
      "연락처3": null,
      "연락처4": null,
      "운영기관명": "음성군가족센터",
      "주소": "충북 음성군 음성읍 음성천서길103여성회관2층(본점)"
    },
    {
      "시도": "충북",
      "연락처": "043-645-1995",
      "연락처2": null,
      "연락처3": null,
      "연락처4": null,
      "운영기관명": "제천시가족센터",
      "주소": "충북 제천시 명륜로 13길 3 제천가톨릭복지관 2층"
    },
    {
      "시도": "충북",
      "연락처": "043-835-3572",
      "연락처2": null,
      "연락처3": null,
      "연락처4": null,
      "운영기관명": "증평군가족센터",
      "주소": "충북 증평군 증평읍 보건복지로56-2"
    },
    {
      "시도": "충북",
      "연락처": "043-537-5431",
      "연락처2": "043-537-5432",
      "연락처3": "043-537-5433",
      "연락처4": "043-537-5434~5",
      "운영기관명": "진천군가족센터",
      "주소": "충북 진천군 진천읍 중앙북1길 11-10 2층"
    },
    {
      "시도": "충북",
      "연락처": "043-263-1817",
      "연락처2": null,
      "연락처3": null,
      "연락처4": null,
      "운영기관명": "청주시가족센터",
      "주소": "충북 청주시 서원구 무심서로 333 청주시가족센터"
    },
    {
      "시도": "충북",
      "연락처": "043-855-2253",
      "연락처2": null,
      "연락처3": null,
      "연락처4": null,
      "운영기관명": "충주시가족센터",
      "주소": "충북 충주시 사직산21길 34, 복합복지관 2층 (문화동, 충주시건강복지타운)"
    },
    {
      "시도": "충북",
      "연락처": "043-293-8887",
      "연락처2": null,
      "연락처3": null,
      "연락처4": null,
      "운영기관명": "청원다문화가족지원센터",
      "주소": "충북 청주시 상당구 남일면 단재로 480 상당보건소 내 2층"
    },
    {
      "시도": "충남",
      "연락처": "042-551-1133",
      "연락처2": null,
      "연락처3": null,
      "연락처4": null,
      "운영기관명": "계룡시가족센터",
      "주소": "충남 계룡시 엄사면 엄사중앙로 94 4층 411호"
    },
    {
      "시도": "충남",
      "연락처": "041-853-0881",
      "연락처2": "041-853-0882",
      "연락처3": null,
      "연락처4": null,
      "운영기관명": "공주시가족센터",
      "주소": "충남 공주시 우금티로 753 유아교육관2층 (공주대학교 옥룡캠퍼스)"
    },
    {
      "시도": "충남",
      "연락처": "041-750-2927",
      "연락처2": null,
      "연락처3": null,
      "연락처4": null,
      "운영기관명": "금산군가족센터",
      "주소": "충남 금산군 금산읍 군청5길 35"
    },
    {
      "시도": "충남",
      "연락처": "041-733-7800",
      "연락처2": null,
      "연락처3": null,
      "연락처4": null,
      "운영기관명": "논산시가족센터",
      "주소": "충남 논산시 관촉로 277번길 23-13 2,3층"
    },
    {
      "시도": "충남",
      "연락처": "041-936-8506",
      "연락처2": null,
      "연락처3": null,
      "연락처4": null,
      "운영기관명": "보령시가족센터",
      "주소": "충남 보령시 한내로 45 (문화빌딩 2층)"
    },
    {
      "시도": "충남",
      "연락처": "041-830-2900~5",
      "연락처2": "041-830-2954",
      "연락처3": "041-830-2955",
      "연락처4": null,
      "운영기관명": "부여군가족센터",
      "주소": "충남 부여군 규암면 아름1로 64( 부여군 가족행복센터내 1층)"
    },
    {
      "시도": "충남",
      "연락처": "041-664-2710",
      "연락처2": null,
      "연락처3": null,
      "연락처4": null,
      "운영기관명": "서산시가족센터",
      "주소": "충남 서산시 석림1로 85"
    },
    {
      "시도": "충남",
      "연락처": "041-953-2911",
      "연락처2": "041-953-3808",
      "연락처3": "041-953-1911",
      "연락처4": null,
      "운영기관명": "서천군가족센터",
      "주소": "충남 서천군 서천읍 서문로 38, 2층(가족누리센터)"
    },
    {
      "시도": "충남",
      "연락처": "041-548-9779",
      "연락처2": null,
      "연락처3": null,
      "연락처4": null,
      "운영기관명": "아산시가족센터",
      "주소": "충남 아산시 시장길 29 시민문화복지센터 4층"
    },
    {
      "시도": "충남",
      "연락처": "041-548-9772",
      "연락처2": null,
      "연락처3": null,
      "연락처4": null,
      "운영기관명": "아산시가족센터",
      "주소": "충남 아산시 시민로 467-15, 글로벌가족센터"
    },
    {
      "시도": "충남",
      "연락처": "041-533-9879",
      "연락처2": null,
      "연락처3": null,
      "연락처4": null,
      "운영기관명": "아산시가족센터",
      "주소": "충남 아산시 온천대로 1496, 온양온천역 1층"
    },
    {
      "시도": "충남",
      "연락처": "041-548-9775",
      "연락처2": null,
      "연락처3": null,
      "연락처4": null,
      "운영기관명": "아산시가족센터",
      "주소": "충남 아산시 신창면 서부남로 860, 2층"
    },
    {
      "시도": "충남",
      "연락처": "041-543-9779",
      "연락처2": null,
      "연락처3": null,
      "연락처4": null,
      "운영기관명": "아산시가족센터",
      "주소": "충남 아산시 둔포면 둔포중앙로 161번길 16"
    },
    {
      "시도": "충남",
      "연락처": "041-548-9775",
      "연락처2": null,
      "연락처3": null,
      "연락처4": null,
      "운영기관명": "아산시가족센터",
      "주소": "충남 아산시 배방읍 월천5길 30 꿈비채 공동육아나눔터"
    },
    {
      "시도": "충남",
      "연락처": "041-339-8382",
      "연락처2": "041-339-8383",
      "연락처3": "041-339-8384",
      "연락처4": "041-339-8385~9",
      "운영기관명": "예산군가족센터",
      "주소": "충남 예산군 예산읍 산성공원2길 15 2층"
    },
    {
      "시도": "충남",
      "연락처": "041-944-2333",
      "연락처2": "041-944-2334",
      "연락처3": "041-944-2335",
      "연락처4": null,
      "운영기관명": "청양군가족센터",
      "주소": "충남 청양군 청양읍 칠갑산로9길 32, 청양복지타운2층"
    },
    {
      "시도": "충남",
      "연락처": "041-670-2396",
      "연락처2": "041-670-2523",
      "연락처3": null,
      "연락처4": null,
      "운영기관명": "태안군가족센터",
      "주소": "충남 태안군 태안읍 백화로 180, 1층(동문리)"
    },
    {
      "시도": "충남",
      "연락처": "041-634-7432",
      "연락처2": null,
      "연락처3": null,
      "연락처4": null,
      "운영기관명": "홍성군가족센터",
      "주소": "충남 홍성군 홍북읍 홍학로 48"
    },
    {
      "시도": "충남",
      "연락처": "041-631-9337",
      "연락처2": "041-631-7432",
      "연락처3": null,
      "연락처4": null,
      "운영기관명": "홍성군가족센터",
      "주소": "충남 홍성군 홍성읍 조양로75번길 17"
    },
    {
      "시도": "충남",
      "연락처": "041-558-8653",
      "연락처2": null,
      "연락처3": null,
      "연락처4": null,
      "운영기관명": "천안시다문화가족지원센터",
      "주소": "충남 천안시 동남구 은행길 15, 3층 천안시다문화가족지원센터"
    },
    {
      "시도": "충남",
      "연락처": "041-360-3160",
      "연락처2": null,
      "연락처3": null,
      "연락처4": null,
      "운영기관명": "당진시다문화가족지원센터",
      "주소": "충남 당진시 시청 1로 38 수청동(1005, 당진시종합복지타운 4층)"
    },
    {
      "시도": "전북",
      "연락처": "063-243-0333",
      "연락처2": null,
      "연락처3": null,
      "연락처4": null,
      "운영기관명": "전주시다문화가족지원센터",
      "주소": "전북 전주시 덕진구 팔달로 336, 5~7층"
    },
    {
      "시도": "전북",
      "연락처": "063-561-1366",
      "연락처2": null,
      "연락처3": null,
      "연락처4": null,
      "운영기관명": "고창군가족센터",
      "주소": "전북 고창군 고창읍 성산로 57 1층"
    },
    {
      "시도": "전북",
      "연락처": "063-443-5300",
      "연락처2": null,
      "연락처3": null,
      "연락처4": null,
      "운영기관명": "군산시가족센터",
      "주소": "전북 군산시 축동1길 15-2"
    },
    {
      "시도": "전북",
      "연락처": "063-545-8506",
      "연락처2": null,
      "연락처3": null,
      "연락처4": null,
      "운영기관명": "김제시가족센터",
      "주소": "전북 김제시 요촌길 45, 지평선어울림센터 3층"
    },
    {
      "시도": "전북",
      "연락처": "063-635-5474",
      "연락처2": null,
      "연락처3": null,
      "연락처4": null,
      "운영기관명": "남원시가족센터",
      "주소": "전북 남원시 용성로 43"
    },
    {
      "시도": "전북",
      "연락처": "063-322-1130",
      "연락처2": null,
      "연락처3": null,
      "연락처4": null,
      "운영기관명": "무주군가족센터",
      "주소": "전북 무주군 무주읍 신교로 2길 17"
    },
    {
      "시도": "전북",
      "연락처": "063-580-3941",
      "연락처2": null,
      "연락처3": null,
      "연락처4": null,
      "운영기관명": "부안군가족센터",
      "주소": "전북 부안군 부안읍 오리정로 89 2층"
    },
    {
      "시도": "전북",
      "연락처": "063-652-3844",
      "연락처2": null,
      "연락처3": null,
      "연락처4": null,
      "운영기관명": "순창군가족센터",
      "주소": "전북 순창군 순창읍 순창로 127. 행복누리센터 3층"
    },
    {
      "시도": "전북",
      "연락처": "063-261-1033",
      "연락처2": "063-231-1037",
      "연락처3": null,
      "연락처4": null,
      "운영기관명": "완주군가족센터",
      "주소": "전북 완주군 용진읍 완주로 456-39 완주가족문화교육원 1층"
    },
    {
      "시도": "전북",
      "연락처": "063-841-6040",
      "연락처2": null,
      "연락처3": null,
      "연락처4": null,
      "운영기관명": "익산시가족센터",
      "주소": "전북 익산시 고현로 10-3"
    },
    {
      "시도": "전북",
      "연락처": "063-642-1837",
      "연락처2": null,
      "연락처3": null,
      "연락처4": null,
      "운영기관명": "임실군가족센터",
      "주소": "전북 임실군 임실읍 봉황로144(행복누리원) 2층"
    },
    {
      "시도": "전북",
      "연락처": "063-352-3362",
      "연락처2": null,
      "연락처3": null,
      "연락처4": null,
      "운영기관명": "장수군가족센터",
      "주소": "전북 장수군 장수읍 싸리재로 15"
    },
    {
      "시도": "전북",
      "연락처": "063-531-0309",
      "연락처2": null,
      "연락처3": null,
      "연락처4": null,
      "운영기관명": "정읍시가족센터",
      "주소": "전북 정읍시 중앙2길 22"
    },
    {
      "시도": "전북",
      "연락처": "063-433-4888",
      "연락처2": null,
      "연락처3": null,
      "연락처4": null,
      "운영기관명": "진안군가족센터",
      "주소": "전북 진안군 진안읍 중앙로 28 3층"
    },
    {
      "시도": "전남",
      "연락처": "061-433-9004",
      "연락처2": null,
      "연락처3": null,
      "연락처4": null,
      "운영기관명": "강진군가족센터",
      "주소": "전남 강진군 강진읍 사의재길 41"
    },
    {
      "시도": "전남",
      "연락처": "061-832-5399",
      "연락처2": null,
      "연락처3": null,
      "연락처4": null,
      "운영기관명": "고흥군가족센터",
      "주소": "전남 고흥군 고흥읍 고흥로 1656 새마을회 3층"
    },
    {
      "시도": "전남",
      "연락처": "061-362-5411",
      "연락처2": null,
      "연락처3": null,
      "연락처4": null,
      "운영기관명": "곡성군가족센터",
      "주소": "전남 곡성군 곡성읍 학정3길 6"
    },
    {
      "시도": "전남",
      "연락처": "061-797-6800",
      "연락처2": null,
      "연락처3": null,
      "연락처4": null,
      "운영기관명": "광양시가족센터",
      "주소": "전남 광양시 동광2길 9-7, 3층"
    },
    {
      "시도": "전남",
      "연락처": "061-781-8003",
      "연락처2": null,
      "연락처3": null,
      "연락처4": null,
      "운영기관명": "구례군가족센터",
      "주소": "전남 구례군 구례읍 구례로 508 청소년문화의집 2층"
    },
    {
      "시도": "전남",
      "연락처": "061-339-9800",
      "연락처2": null,
      "연락처3": null,
      "연락처4": null,
      "운영기관명": "나주시가족센터",
      "주소": "전남 나주시 시청길 17"
    },
    {
      "시도": "전남",
      "연락처": "061-383-3655",
      "연락처2": "061-383-3611",
      "연락처3": "061-383-3612",
      "연락처4": "061-383-3613~3616",
      "운영기관명": "담양군가족센터",
      "주소": "전남 담양군 담양읍 완동길 10-5 담양군여성회관내 4층"
    },
    {
      "시도": "전남",
      "연락처": "061-452-1813",
      "연락처2": null,
      "연락처3": null,
      "연락처4": null,
      "운영기관명": "무안군가족센터",
      "주소": "전남 무안군 무안읍 무안로 511/2층"
    },
    {
      "시도": "전남",
      "연락처": "061-852-2664",
      "연락처2": null,
      "연락처3": null,
      "연락처4": null,
      "운영기관명": "보성군가족센터",
      "주소": "전남 보성군 보성읍 송재로 186-5"
    },
    {
      "시도": "전남",
      "연락처": "061-750-5352",
      "연락처2": "061-750-5353",
      "연락처3": "061-750-5354",
      "연락처4": "061-750-5355~7",
      "운영기관명": "순천시가족센터",
      "주소": "전남 순천시 중앙로 255 순천대학교 평생교육원 B동 1층"
    },
    {
      "시도": "전남",
      "연락처": "061-240-8706",
      "연락처2": null,
      "연락처3": null,
      "연락처4": null,
      "운영기관명": "신안군가족센터",
      "주소": "전남 신안군 압해읍 압해로 876-22 1층"
    },
    {
      "시도": "전남",
      "연락처": "061-692-4172",
      "연락처2": null,
      "연락처3": null,
      "연락처4": null,
      "운영기관명": "여수시가족센터",
      "주소": "전남 여수시 새터로 33"
    },
    {
      "시도": "전남",
      "연락처": "061-278-4222",
      "연락처2": null,
      "연락처3": null,
      "연락처4": null,
      "운영기관명": "목포시가족센터",
      "주소": "전남 목포시 수강로 12번길41 5층(건어물젓갈센터)"
    },
    {
      "시도": "전남",
      "연락처": "061-353-7997",
      "연락처2": "061-353-8880",
      "연락처3": null,
      "연락처4": null,
      "운영기관명": "영광군가족센터",
      "주소": "전남 영광군 영광읍 물무로 171 2층"
    },
    {
      "시도": "전남",
      "연락처": "061-463-2928",
      "연락처2": "061-463-2929",
      "연락처3": null,
      "연락처4": null,
      "운영기관명": "영암군가족센터",
      "주소": "전남 영암군 삼호읍 세가래로 88 삼호종합복지회관 2층"
    },
    {
      "시도": "전남",
      "연락처": "061-554-3400",
      "연락처2": null,
      "연락처3": null,
      "연락처4": null,
      "운영기관명": "완도군가족센터",
      "주소": "전남 완도군 완도읍 개포로34-10 3층"
    },
    {
      "시도": "전남",
      "연락처": "061-393-5420",
      "연락처2": null,
      "연락처3": null,
      "연락처4": null,
      "운영기관명": "장성군가족센터",
      "주소": "전남 장성군 장성읍 충무5길 24 가정복지회관 1층"
    },
    {
      "시도": "전남",
      "연락처": "061-864-4810",
      "연락처2": "061-864-4811",
      "연락처3": "061-864-4812",
      "연락처4": "061-864-4813~5",
      "운영기관명": "장흥군가족센터",
      "주소": "전남 장흥군 장흥읍 흥성로 37-24 장흥종합사회복지관 4층"
    },
    {
      "시도": "전남",
      "연락처": "061-544-9993",
      "연락처2": null,
      "연락처3": null,
      "연락처4": null,
      "운영기관명": "진도군가족센터",
      "주소": "전남 진도군 진도읍 진도대로 7215"
    },
    {
      "시도": "전남",
      "연락처": "061-324-5431",
      "연락처2": null,
      "연락처3": null,
      "연락처4": null,
      "운영기관명": "함평군가족센터",
      "주소": "전남 함평군 함평읍 들샘길 36, 함평천지종합복지관 4층"
    },
    {
      "시도": "전남",
      "연락처": "061-534-0017",
      "연락처2": null,
      "연락처3": null,
      "연락처4": null,
      "운영기관명": "해남군가족센터",
      "주소": "전남 해남군 해남읍 서림길 6-20, 해남군가족어울림센터 3층"
    },
    {
      "시도": "전남",
      "연락처": "061-375-1057",
      "연락처2": null,
      "연락처3": null,
      "연락처4": null,
      "운영기관명": "화순군가족센터",
      "주소": "전남 화순군 화순읍 대교로 11 (화순희망센터 2층)"
    },
    {
      "시도": "경북",
      "연락처": "054-870-6790",
      "연락처2": null,
      "연락처3": null,
      "연락처4": null,
      "운영기관명": "청송군다문화가족지원센터",
      "주소": "경북 청송군 청송읍 복지타운길 77"
    },
    {
      "시도": "경북",
      "연락처": "054-683-5432",
      "연락처2": null,
      "연락처3": null,
      "연락처4": null,
      "운영기관명": "영양군다문화가족지원센터",
      "주소": "경북 영양군 영양읍 군민회관길 36"
    },
    {
      "시도": "경북",
      "연락처": "054-956-6336",
      "연락처2": null,
      "연락처3": null,
      "연락처4": null,
      "운영기관명": "고령군다문화가족지원센터",
      "주소": "경북 고령군 대가야읍 왕릉로 30 문화누리 3층"
    },
    {
      "시도": "경북",
      "연락처": "053-819-5599",
      "연락처2": null,
      "연락처3": null,
      "연락처4": null,
      "운영기관명": "경산시가족센터",
      "주소": "경북 경산시 경산로 131"
    },
    {
      "시도": "경북",
      "연락처": "054-779-8706",
      "연락처2": null,
      "연락처3": null,
      "연락처4": null,
      "운영기관명": "경주시가족센터",
      "주소": "경북 경주시 북성로 87(북부동, 평생학습가족관 2층)"
    },
    {
      "시도": "경북",
      "연락처": "054-443-0541",
      "연락처2": null,
      "연락처3": null,
      "연락처4": null,
      "운영기관명": "구미시가족센터",
      "주소": "경북 구미시 산책길73, 구미시 가족행복플라자"
    },
    {
      "시도": "경북",
      "연락처": "054-383-2511",
      "연락처2": null,
      "연락처3": null,
      "연락처4": null,
      "운영기관명": "군위군(대구시)가족센터",
      "주소": "대구시 군위군 군위읍 중앙길 31-10 2층"
    },
    {
      "시도": "경북",
      "연락처": "054-439-8280",
      "연락처2": null,
      "연락처3": null,
      "연락처4": null,
      "운영기관명": "김천시가족센터",
      "주소": "경북 김천시 평화길 134, 4층(평화동 복합문화센터)"
    },
    {
      "시도": "경북",
      "연락처": "054-554-5591",
      "연락처2": null,
      "연락처3": null,
      "연락처4": null,
      "운영기관명": "문경시가족센터",
      "주소": "경북 문경시 매봉로 65, 4층"
    },
    {
      "시도": "경북",
      "연락처": "054-673-9023",
      "연락처2": null,
      "연락처3": null,
      "연락처4": null,
      "운영기관명": "봉화군가족센터",
      "주소": "경북 봉화군 봉화읍 내성로5길 13 군민행복센터 3층"
    },
    {
      "시도": "경북",
      "연락처": "054-531-1342",
      "연락처2": null,
      "연락처3": null,
      "연락처4": null,
      "운영기관명": "상주시가족센터",
      "주소": "경북 상주시 상산로97(신봉동)"
    },
    {
      "시도": "경북",
      "연락처": "054-982-9810",
      "연락처2": null,
      "연락처3": null,
      "연락처4": null,
      "운영기관명": "성주군가족센터",
      "주소": "경북 성주군 성주읍 경산길 17"
    },
    {
      "시도": "경북",
      "연락처": "054-853-3111",
      "연락처2": null,
      "연락처3": null,
      "연락처4": null,
      "운영기관명": "안동시가족센터",
      "주소": "경북 안동시 경북대로 440, 3층"
    },
    {
      "시도": "경북",
      "연락처": "054-730-7383",
      "연락처2": null,
      "연락처3": null,
      "연락처4": null,
      "운영기관명": "영덕군가족센터",
      "주소": "경북 영덕군 영덕읍 강변길 324 영덕군민체육센터 내 여성회관 2층"
    },
    {
      "시도": "경북",
      "연락처": "054-634-5431",
      "연락처2": null,
      "연락처3": null,
      "연락처4": null,
      "운영기관명": "영주시가족센터",
      "주소": "경북 영주시 명륜길 28번길 25"
    },
    {
      "시도": "경북",
      "연락처": "054-334-2881",
      "연락처2": "054-334-2882",
      "연락처3": null,
      "연락처4": null,
      "운영기관명": "영천시가족센터",
      "주소": "경북 영천시 운동장로 41 (교촌동) 3층"
    },
    {
      "시도": "경북",
      "연락처": "054-654-4321",
      "연락처2": null,
      "연락처3": null,
      "연락처4": null,
      "운영기관명": "예천군가족센터",
      "주소": "경북 예천군 호명면 봉호로 4040, 복합커뮤니티센터 내"
    },
    {
      "시도": "경북",
      "연락처": "054-791-0205",
      "연락처2": null,
      "연락처3": null,
      "연락처4": null,
      "운영기관명": "울릉군가족센터",
      "주소": "경북 울릉군 울릉읍 봉래2길 31"
    },
    {
      "시도": "경북",
      "연락처": "054-783-8988",
      "연락처2": null,
      "연락처3": null,
      "연락처4": null,
      "운영기관명": "울진군가족센터",
      "주소": "경북 울진군 울진읍 울진북로 496-11"
    },
    {
      "시도": "경북",
      "연락처": "054-832-5440",
      "연락처2": null,
      "연락처3": null,
      "연락처4": null,
      "운영기관명": "의성군가족센터",
      "주소": "경북 의성군 의성읍 후죽1길 21"
    },
    {
      "시도": "경북",
      "연락처": "054-373-8131~4",
      "연락처2": "054-373-7421~4",
      "연락처3": null,
      "연락처4": null,
      "운영기관명": "청도군가족센터",
      "주소": "경북 청도군 화양읍 청려로 1846 청소년수련관3층"
    },
    {
      "시도": "경북",
      "연락처": "054-975-0833",
      "연락처2": null,
      "연락처3": null,
      "연락처4": null,
      "운영기관명": "칠곡군가족센터",
      "주소": "경북 칠곡군 왜관읍 관문로1길 24-11, 온가족행복센터 2층"
    },
    {
      "시도": "경북",
      "연락처": "054-244-9702",
      "연락처2": null,
      "연락처3": null,
      "연락처4": null,
      "운영기관명": "포항시가족센터",
      "주소": "경북 포항시 남구 희망대로1297 3층"
    },
    {
      "시도": "경남",
      "연락처": "055-682-4958",
      "연락처2": null,
      "연락처3": null,
      "연락처4": null,
      "운영기관명": "거제시가족센터",
      "주소": "경남 거제시 용소1길 35, 거제시가정행복지원센터 202호 (아주동)"
    },
    {
      "시도": "경남",
      "연락처": "055-945-1365",
      "연락처2": null,
      "연락처3": null,
      "연락처4": null,
      "운영기관명": "거창군가족센터",
      "주소": "경남 거창군 거창읍 강남로1길 170"
    },
    {
      "시도": "경남",
      "연락처": "055-673-1466",
      "연락처2": null,
      "연락처3": null,
      "연락처4": null,
      "운영기관명": "경남고성군가족센터",
      "주소": "경남 고성군 고성읍 성내로 135번길 10-1"
    },
    {
      "시도": "경남",
      "연락처": "055-329-6349",
      "연락처2": "055-329-6355",
      "연락처3": null,
      "연락처4": null,
      "운영기관명": "김해시가족센터",
      "주소": "경남 김해시 김해대로 2232, 여객터미널 4층"
    },
    {
      "시도": "경남",
      "연락처": "055-860-3878",
      "연락처2": "055-864-6965",
      "연락처3": null,
      "연락처4": null,
      "운영기관명": "남해군가족센터",
      "주소": "경남 남해군 남해읍 망운로32 종합사회복지관 2층"
    },
    {
      "시도": "경남",
      "연락처": "055-351-4404~7",
      "연락처2": "055-351-4408~9",
      "연락처3": "055-351-4412~3",
      "연락처4": null,
      "운영기관명": "밀양시가족센터",
      "주소": "경남 밀양시 밀양대로 2089 1층"
    },
    {
      "시도": "경남",
      "연락처": "055-832-0345",
      "연락처2": null,
      "연락처3": null,
      "연락처4": null,
      "운영기관명": "사천시가족센터",
      "주소": "경남 사천시 용현면 부곡3길 90, 사천시여성회관 2층"
    },
    {
      "시도": "경남",
      "연락처": "055-972-1018",
      "연락처2": null,
      "연락처3": null,
      "연락처4": null,
      "운영기관명": "산청군가족센터",
      "주소": "경남 산청군 웅석봉로 86번길 9-19, 가족문화센터 내 2층"
    },
    {
      "시도": "경남",
      "연락처": "055-382-0988",
      "연락처2": null,
      "연락처3": null,
      "연락처4": null,
      "운영기관명": "양산시가족센터",
      "주소": "경남 양산시 양주1길 7-1, 2층"
    },
    {
      "시도": "경남",
      "연락처": "055-573-8400",
      "연락처2": null,
      "연락처3": null,
      "연락처4": null,
      "운영기관명": "의령군가족센터",
      "주소": "경남 의령군 의령읍 의병로 17길 6"
    },
    {
      "시도": "경남",
      "연락처": "055-749-5443",
      "연락처2": null,
      "연락처3": null,
      "연락처4": null,
      "운영기관명": "진주시가족센터",
      "주소": "경남 진주시 진양호로 305"
    },
    {
      "시도": "경남",
      "연락처": "055-533-1305",
      "연락처2": "055-533-1306",
      "연락처3": "055-532-1606",
      "연락처4": "055-532-1607",
      "운영기관명": "창녕군가족센터",
      "주소": "경남 창녕군 창녕읍 창녕대로 172 사회복지타운 1층"
    },
    {
      "시도": "경남",
      "연락처": "055-225-3951",
      "연락처2": null,
      "연락처3": null,
      "연락처4": null,
      "운영기관명": "창원시가족센터",
      "주소": "경남 창원시 성산구 대정로20번길 11, 1층(가음동, 여성회관 창원관)"
    },
    {
      "시도": "경남",
      "연락처": "055-244-8745",
      "연락처2": null,
      "연락처3": null,
      "연락처4": null,
      "운영기관명": "창원시마산가족센터",
      "주소": "경남 창원시 마산합포구 중앙북5길 20. 마산YWCA 지하1층"
    },
    {
      "시도": "경남",
      "연락처": "055-640-7900",
      "연락처2": null,
      "연락처3": null,
      "연락처4": null,
      "운영기관명": "통영시가족센터",
      "주소": "경남 통영시 신죽2길 130"
    },
    {
      "시도": "경남",
      "연락처": "055-880-6522",
      "연락처2": null,
      "연락처3": null,
      "연락처4": null,
      "운영기관명": "하동군가족센터",
      "주소": "경남 하동군 섬진강대로 2214 종합사회복지관4층"
    },
    {
      "시도": "경남",
      "연락처": "055-583-5430",
      "연락처2": null,
      "연락처3": null,
      "연락처4": null,
      "운영기관명": "함안군가족센터",
      "주소": "경남 함안군 산인면 가야로 217 산인면종합복지관 1층"
    },
    {
      "시도": "경남",
      "연락처": "055-963-5014",
      "연락처2": null,
      "연락처3": null,
      "연락처4": null,
      "운영기관명": "함양군가족센터",
      "주소": "경남 함양군 함양읍 함양여중길 10"
    },
    {
      "시도": "경남",
      "연락처": "055-930-4732",
      "연락처2": null,
      "연락처3": null,
      "연락처4": null,
      "운영기관명": "합천군가족센터",
      "주소": "경남 합천군 합천읍 옥산로 96-7 2층"
    },
    {
      "시도": "제주",
      "연락처": "064-732-6482",
      "연락처2": "064-762-1141",
      "연락처3": null,
      "연락처4": null,
      "운영기관명": "서귀포시가족센터",
      "주소": "제주도 서귀포시 서호남로12"
    },
    {
      "시도": "제주",
      "연락처": "064-725-8005",
      "연락처2": null,
      "연락처3": null,
      "연락처4": null,
      "운영기관명": "제주시가족센터",
      "주소": "제주도 제주시 중앙로 14길 15(삼도이동) 2,3,4층"
    },
    {
      "시도": "제주",
      "연락처": "064-712-1140",
      "연락처2": null,
      "연락처3": null,
      "연락처4": null,
      "운영기관명": "제주시가족센터",
      "주소": "제주도 제주시 중앙로 198  7,8층(해와달빌딩)"
    }
  ],
  "matchCount": 266,
  "page": 1,
  "perPage": 1000000,
  "totalCount": 266
}